name,artists,id,popularity
drivers license,['Olivia Rodrigo'],7lPN2DXiMsVn7XUKtOW1CS,100
Mood (feat. iann dior),"['24kGoldn', 'iann dior']",3tjFYV6RSFtuktYl3ZtYcq,96
positions,['Ariana Grande'],35mvY5S1H3J2QZyna3TFe0,96
DÁKITI,"['Bad Bunny', 'Jhay Cortez']",47EiUVwUp4C9fGccaPuUCS,95
BICHOTA,['KAROL G'],7vrJn5hDSXRmdXoR30KgF1,95
34+35,['Ariana Grande'],6Im9k8u9iIzKMrmV7BWtlF,94
Whoopty,['CJ'],5vGLcdRuSbUhD8ScwsGSdA,94
WITHOUT YOU,['The Kid LAROI'],27OeeYzk6klgBh83TSvGMA,94
Therefore I Am,['Billie Eilish'],54bFM56PmE4YLRnqpW6Tha,94
LA NOCHE DE ANOCHE,"['Bad Bunny', 'ROSALÍA']",2XIc1pqjXV3Cr2BQUGNBck,94
What You Know Bout Love,['Pop Smoke'],1tkg4EHVoqnhR6iFEXb60y,93
you broke me first,['Tate McRae'],45bE4HXI0AwGZXfZtMp8JR,93
WAP (feat. Megan Thee Stallion),"['Cardi B', 'Megan Thee Stallion']",4Oun2ylbjFKMPTiaSbbCih,92
HOLIDAY,['Lil Nas X'],6zFMeegAMYQo0mt8rXtrli,92
Lonely (with benny blanco),"['Justin Bieber', 'benny blanco']",4y4spB9m0Q6026KfkAvy9Q,92
Anyone,['Justin Bieber'],31qCy5ZaophVA81wtlwLc4,92
The Business,['Tiësto'],6f3Slt0GbA2bPZlz0aIFXN,92
Hecha Pa' Mi,['Boza'],3VvA1wSxukMLsvXoXtlwWx,92
Snowman,['Sia'],7uoFMmxln0GPXQ0AcCBXRq,91
Watermelon Sugar,['Harry Styles'],6UelLqGlWMcVH1E5c4H7lY,91
Good Days,['SZA'],3YJJjQPAbDT7mGpX3WtQ9A,91
For The Night (feat. Lil Baby & DaBaby),"['Pop Smoke', 'Lil Baby', 'DaBaby']",0PvFJmanyNQMseIFrU708S,91
ROCKSTAR (feat. Roddy Ricch),"['DaBaby', 'Roddy Ricch']",7ytR5pFWmSjzHJIeQkgog4,91
Heather,['Conan Gray'],4xqrdfXkTW4T0RauPLv3WA,91
Monster (Shawn Mendes & Justin Bieber),"['Shawn Mendes', 'Justin Bieber']",2Z8yfpFX0ZMavHkcIeHiO1,91
Life Goes On,['BTS'],249gnXrbfmV8NG6jTEMSwD,91
Dynamite,['BTS'],4saklk6nie3yiGePpBwUoc,91
DÁKITI,"['Bad Bunny', 'Jhay Cortez']",4MzXwWMhyBbmu6hOcLVD49,91
Head & Heart (feat. MNEK),"['Joel Corry', 'MNEK']",6cx06DFPPHchuUAcTxznu9,91
La Nota,"['Manuel Turizo', 'Rauw Alejandro', 'Myke Towers']",7ndTONDDRFGiPnnhOzOXxq,91
Bandido,"['Myke Towers', 'Juhn']",1xK1Gg9SxG8fy2Ya373oqb,91
All I Want for Christmas Is You,['Mariah Carey'],0bYg9bo50gSsH3LtXe2SQn,90
Someone You Loved,['Lewis Capaldi'],7qEHsqek33rTcFNT9PFqLf,90
Levitating (feat. DaBaby),"['Dua Lipa', 'DaBaby']",463CkQjx2Zk1yXoBuierM9,90
Lemonade,"['Internet Money', 'Gunna', 'Don Toliver', 'NAV']",02kDW379Yfd5PzW5A6vuGt,90
Holy (feat. Chance The Rapper),"['Justin Bieber', 'Chance the Rapper']",5u1n1kITHCxxp8twBcZxWy,90
Afterglow,['Ed Sheeran'],0E4Y1XIbs8GrAT1YqVy6dq,90
TE MUDASTE,['Bad Bunny'],5RubKOuDoPn5Kj5TLVxSxY,90
Paradise (feat. Dermot Kennedy),"['MEDUZA', 'Dermot Kennedy']",6ft4hAq6yde8jPZY2i5zLr,90
Goosebumps,['HVME'],20McUFi8KCIVdNDLrkTDuZ,90
Relación - Remix,"['Sech', 'Daddy Yankee', 'J Balvin', 'ROSALÍA', 'Farruko']",35UUpTmrcFXNIVIN26ujXl,90
Chica Ideal,"['Sebastian Yatra', 'Guaynaa']",21N4Buj4xsyLb218lYle61,90
La Tóxica,['Farruko'],15OjBeqNX3bShsGYQbteRv,90
Vida de Rico,['Camilo'],73nAK3HgQK8dak83Y2WQ8F,90
Sweater Weather,['The Neighbourhood'],2QjOHCTQ1Jl3zawyYOpxh6,89
The Box,['Roddy Ricch'],0nbXyq5TXYPCO7pr3N8S4I,89
Circles,['Post Malone'],21jGcNKet2qwijlDFuPiPb,89
Dance Monkey,['Tones And I'],2XU0oxnq2qxCpomAAuJY8K,89
Breaking Me,"['Topic', 'A7S']",3H7ihDc1dqLriiWXwsc2po,89
Laugh Now Cry Later (feat. Lil Durk),"['Drake', 'Lil Durk']",2SAqBLGA283SUiwJ3xOUVI,89
willow,['Taylor Swift'],0lx2cLdOt3piJbcaXIV74f,89
Put Your Records On,['Ritt Momney'],6AGOKlMZWLCaEJGnaROtF9,89
death bed (coffee for your head),"['Powfu', 'beabadoobee']",7eJMfftS33KTjuF7lTsMCx,89
Prisoner (feat. Dua Lipa),"['Miley Cyrus', 'Dua Lipa']",5JqZ3oqF00jkT81foAFvqg,89
Take You Dancing,['Jason Derulo'],59qrUpoplZxbIZxk6X0Bm3,89
UN DIA (ONE DAY) (Feat. Tainy),"['J Balvin', 'Tainy', 'Dua Lipa', 'Bad Bunny']",0EhpEsp4L0oRGM0vmeaN5e,89
Una Locura,"['Ozuna', 'J Balvin', 'Chencho Corleone']",5y7DaS3jAc9eZzcSOoUIwU,89
La Curiosidad,"['Jay Wheeler', 'DJ Nelson', 'Myke Towers']",4HYDUMY0xSpeBr0AMY9cUz,89
Mi Niña,"['Wisin', 'Myke Towers', 'Los Legendarios']",2bgcUk2A3jjKbCJ7KPquTi,89
Se Te Nota (with Guaynaa),"['Lele Pons', 'Guaynaa']",11EnQRgRMJwMAesfkB5pnu,89
BEBÉ,"['Camilo', 'El Alfa']",7D7EH7MGyNHWSkqrszerI1,89
Reloj,"['Rauw Alejandro', 'Anuel AA']",7r9ZhitdQBONTFOiJW5mr8,89
Santa Tell Me,['Ariana Grande'],0lizgQ7Qw35od7CYaoMBZb,88
Train Wreck,['James Arthur'],55Am8neGJkdj2ADaM3aw5H,88
Lucid Dreams,['Juice WRLD'],285pBltuF7vW8TeWk8hdRR,88
lovely (with Khalid),"['Billie Eilish', 'Khalid']",0u2P5u6lvoDfwTYjAADbn4,88
Golden,['Harry Styles'],45S5WTQEGOB1VHr1Q4FuPl,88
Memories,['Maroon 5'],2b8fOow8UzyDFAE27YhOZM,88
Body,['Megan Thee Stallion'],0A1hoCfMLkiAgvhWkkucJa,88
Wishing Well,['Juice WRLD'],2U5WueTLIK5WJLD7mvDODv,88
"Lemonade (feat. Gunna, Don Toliver & NAV)","['Internet Money', 'Gunna', 'Don Toliver', 'NAV']",7hxHWCCAIIxFLCzvDgnQHX,88
Savage Love (Laxed - Siren Beat),"['Jawsh 685', 'Jason Derulo']",1xQ6trAsedVPCdbtDAmk0c,88
"Ay, DiOs Mío!",['KAROL G'],7x4ASXYEKfQBCewcZhK776,88
Hawái,['Maluma'],4uoR6qeWeuL4Qeu2qJzkuG,88
Parce (feat. Justin Quiles),"['Maluma', 'Lenny Tavárez', 'Justin Quiles']",4RJz8NfIe09gpKMiRUWKhJ,88
Jeans,['Justin Quiles'],3GtnId3Cm1Xa6joCj08nzW,88
Rockin' Around The Christmas Tree,['Brenda Lee'],2EjXfH91m7f8HiJN1yQg97,87
Daddy Issues,['The Neighbourhood'],5E30LdtzQTGqRvNd7l6kG5,87
goosebumps,['Travis Scott'],6gBFPUFcJLzWGx4lenP6h2,87
Jocelyn Flores,['XXXTENTACION'],7m9OqQk4RVRkw9JJdeAw96,87
Believer,['Imagine Dragons'],0pqnGHJpmpxLKifKRmU6WP,87
All Girls Are The Same,['Juice WRLD'],4VXIryQMWpIdGgYR4TrjT1,87
Robbery,['Juice WRLD'],6Hj9jySrnFppAI0sEMCZpJ,87
Sofia,['Clairo'],7B3z0ySL9Rr0XvZEAjWZzM,87
HIGHEST IN THE ROOM,['Travis Scott'],3eekarcy7kvN4yt5ZFzltW,87
Falling,['Harry Styles'],1ZMiCix7XSAbfAJlEZWMCp,87
Adore You,['Harry Styles'],3jjujdWJ72nww5eGnfs2E7,87
bad guy,['Billie Eilish'],2Fxmhks0bxGSBdJ92vM42m,87
Tusa,"['KAROL G', 'Nicki Minaj']",7k4t7uLgtOxPwTpFmtJNTY,87
Reminds Me Of You,"['Juice WRLD', 'The Kid LAROI']",5YSHygGN9D0mID1NsVd5my,87
Hello (feat. A Boogie Wit da Hoodie),"['Pop Smoke', 'A Boogie Wit da Hoodie']",2r6OAV3WsYtXuXjvJ1lIDi,87
my ex's best friend (with blackbear),"['Machine Gun Kelly', 'blackbear']",7kDUspsoYfLkWnZR7qwHZl,87
pov,['Ariana Grande'],3UoULw70kMsiVXxW0L3A33,87
Daisy,['Ashnikko'],0AUvWawuP0ibk4SQ3sIZjk,87
POPSTAR (feat. Drake),"['DJ Khaled', 'Drake']",6EDO9iiTtwNv6waLwa1UUq,87
Mood Swings (feat. Lil Tjay),"['Pop Smoke', 'Lil Tjay']",5rZlwNFl01HqLWBQGryKSm,87
Wonder,['Shawn Mendes'],5KCbr5ndeby4y4ggthdiAb,87
Hawái - Remix,"['Maluma', 'The Weeknd']",0GzuHFG4Ql6DoyxFRnIk3F,87
Stuck with U (with Justin Bieber),"['Ariana Grande', 'Justin Bieber']",4HBZA5flZLE435QTztThqH,87
GIRL LIKE ME,"['Black Eyed Peas', 'Shakira']",1zLBsSVxETQOfINOLYvT5m,87
Dynamite,['BTS'],0t1kP63rueHleOhQkYSXFY,87
All We Got (feat. KIDDO),"['Robin Schulz', 'KIDDO']",1FP9s72rDYty6mfoOEYKnE,87
Hawái,['Maluma'],1yoMvmasuxZfqHEipJhRbp,87
Polvo,"['Nicky Jam', 'Myke Towers']",68mrW6gXHgupgSiDHgaDi5,87
Dreams - 2004 Remaster,['Fleetwood Mac'],0ofHAoxe9vBkTCp2UQIavz,86
Why'd You Only Call Me When You're High?,['Arctic Monkeys'],086myS9r57YsLbJpU0TgK9,86
Say You Won't Let Go,['James Arthur'],5uCax9HTNlzGybIStD3vDh,86
Perfect,['Ed Sheeran'],0tgVpDi06FyKpA1z0VMD4v,86
SAD!,['XXXTENTACION'],3ee8Jmje8o58CHK66QrVC2,86
SICKO MODE,['Travis Scott'],2xLMifQCjDGFmkHkpNLD9h,86
Star Shopping,['Lil Peep'],30bqVoKjX479ab90a8Pafp,86
If the World Was Ending - feat. Julia Michaels,"['JP Saxe', 'Julia Michaels']",2kJwzbxV2ppxnQoYw4GLBZ,86
ROXANNE,['Arizona Zervas'],696DnlkuDOXcMAnKlTgXXK,86
everything i wanted,['Billie Eilish'],3ZCTVFBt2Brf31RLEnCkWJ,86
Say So,['Doja Cat'],3Dv1eDb0MEgF93GpLXlucZ,86
7 rings,['Ariana Grande'],6ocbgoVGwYJhOv1GgI9NsF,86
ily (i love you baby) (feat. Emilee),"['Surf Mesa', 'Emilee']",62aP9fBQKYKxi7PDXwcUAS,86
Come & Go (with Marshmello),"['Juice WRLD', 'Marshmello']",2Y0wPrPQBrGhoLn14xRYCG,86
Godzilla (feat. Juice WRLD),"['Eminem', 'Juice WRLD']",7FIWs0pqAYbP91WWM0vlTQ,86
Ride It,['Regard'],2tnVG71enUj33Ic2nFN6kZ,86
Deep End,['Fousheé'],6HlE9t71z9DjGi7KqSyEpA,86
At My Worst,['Pink Sweat$'],0ri0Han4IRJhzvERHOZTMr,86
Love Not War (The Tampa Beat),"['Jason Derulo', 'Nuka']",4Lt6GXGzYsa1tgkv3nGSTm,86
Mi Cuarto,['Jerry Di'],6fmQjRuo7XvRFCK2qex5hQ,86
Jingle Bell Rock,['Bobby Helms'],7vQbuQcyTflfCIOu3Uzzya,85
It's the Most Wonderful Time of the Year,['Andy Williams'],5hslUAKq9I9CG2bAulFkHN,85
Yellow,['Coldplay'],3AJwUDP919kvQ9QcozQPxg,85
Hayloft,['Mother Mother'],2kS6td1yvmpNgZTt1q5pQq,85
It's Beginning to Look a Lot like Christmas,['Michael Bublé'],5a1iz510sv2W9Dt1MvFd5R,85
Do I Wanna Know?,['Arctic Monkeys'],5FVd6KXrgO9B3JPmC8OPst,85
All of Me,['John Legend'],3U4isOIWM3VvDubwSI3y7a,85
Electric Love,['BØRNS'],2GiJYvgVaD2HtM8GqD9EgQ,85
The Less I Know The Better,['Tame Impala'],6K4t31amVTZDgR3sKmwUJJ,85
Everybody Dies In Their Nightmares,['XXXTENTACION'],3GVkPk8mqxz0itaAriG1L7,85
Shape of You,['Ed Sheeran'],7qiZfU4dY1lWllzX7mPBI3,85
Moonlight,['XXXTENTACION'],0JP9xo3adEtGSdUEISiszL,85
rockstar (feat. 21 Savage),"['Post Malone', '21 Savage']",0e7ipj03S05BNilyu5bRzt,85
Falling,['Trevor Daniel'],4TnjEaWOeW0eKTKIEvJyCa,85
Streets,['Doja Cat'],60ynsPSSKe6O3sfwRnIBRf,85
when the party's over,['Billie Eilish'],43zdsphuZLzwA9k4DJhU0I,85
Dior,['Pop Smoke'],79s5XnCN4TJKTVMSmOx8Ep,85
Before You Go,['Lewis Capaldi'],2gMXnyrvIjhVBUZwvLZDMP,85
Don't Start Now,['Dua Lipa'],6WrI0LAC5M1Rw2MnX2ZvEg,85
Tyler Herro,['Jack Harlow'],4DuUwzP4ALMqpquHU0ltAB,85
"WHATS POPPIN (feat. DaBaby, Tory Lanez & Lil Wayne) - Remix","['Jack Harlow', 'Tory Lanez', 'DaBaby', 'Lil Wayne']",2MbdDtCv5LUVjYy9RuGTgC,85
champagne problems,['Taylor Swift'],0sY6ZUTh4yoctD8VIXz339,85
E-GIRLS ARE RUINING MY LIFE!,"['CORPSE', 'Savage Ga$p']",7bCfHiRcfUjG0YVVNUL7Ve,85
Go Crazy,"['Chris Brown', 'Young Thug']",1IIKrJVP1C9N7iPtG6eOsK,85
hot girl bummer,['blackbear'],2mt1IqcFyY1zmYZT8Q3xw9,85
SO DONE,['The Kid LAROI'],5psEZhQu6lukjhavJo4AbC,85
Maniac,['Conan Gray'],6KfoDhO4XUWSbnyKjNp9c4,85
Life Is Good (feat. Drake),"['Future', 'Drake']",5yY9lUy8nbvjM1Uyo1Uqoc,85
Be Kind (with Halsey),"['Marshmello', 'Halsey']",3Z8FwOEN59mRMxDCtb8N0A,85
HACIENDO QUE ME AMAS,['Bad Bunny'],26QApq0cuO9brJigr0C0W4,85
BOOKER T,['Bad Bunny'],26w9NTiE9NGjW1ZvIOd1So,85
Kings & Queens,['Ava Max'],7a53HqqArd4b9NF4XAmlbI,85
Levitating (feat. DaBaby),"['Dua Lipa', 'DaBaby']",5nujrmhLynf4yMoMtj8AQF,85
Midnight Sky,['Miley Cyrus'],27ycaQnQAxaPiyeg3nr2aB,85
Break My Heart,['Dua Lipa'],017PF4Q3l4DBUiWoXk4OWT,85
Don't Start Now,['Dua Lipa'],3PfIrDoz19wz7qK7tYeu62,85
La Luz,"['Sech', 'J Balvin']",5zj8WNkBrEzlI5FKeYV4ol,85
Despeinada,"['Ozuna', 'Camilo']",0JAZWvvqttGFm4UMDsPQXC,85
Azul,['J Balvin'],2lCkncy6bIB0LTMT7kvrD1,85
Ponte Pa' Mi,['Justin Quiles'],4C6BlqqMwjFzOXzqpTeoWR,85
Tattoo - Remix with Camilo,"['Rauw Alejandro', 'Camilo']",4ZRrLHqzhGRXYj2qcB4s5S,85
Let It Snow! Let It Snow! Let It Snow!,['Dean Martin'],2uFaJJtFpPDc5Pa95XzTvg,84
Back In Black,['AC/DC'],08mG3Y1vljYA6bvDt4Wqkj,84
Every Breath You Take,['The Police'],1JSTJqkT5qHq8MDJnJbRE1,84
Let It Snow! Let It Snow! Let It Snow! (with The B. Swanson Quartet),"['Frank Sinatra', 'B. Swanson Quartet']",4kKdvXD0ez7jp1296JmAts,84
Mistletoe,['Justin Bieber'],7xapw9Oy21WpfEcib2ErSA,84
Pumped Up Kicks,['Foster The People'],7w87IxuO7BDcJ3YUqCyMTT,84
Wake Me Up,['Avicii'],0nrRP2bk19rLc0orkWPQk2,84
No Role Modelz,['J. Cole'],62vpWI1CHwFy7tMIcSStl8,84
The Hills,['The Weeknd'],7fBv7CLKzipRk6EC6TWHOB,84
Play Date,['Melanie Martinez'],4DpNNXFMMxQEKl7r0ykkWA,84
Closer,"['The Chainsmokers', 'Halsey']",7BKLCZ1jbUBVqRi2FVlTVw,84
Clean White Noise - Loopable with no fade,"['Erik Eriksson', 'White Noise Baby Sleep', 'White Noise for Babies']",2bRKxuH1o7pTmb1y4GfdEc,84
SLOW DANCING IN THE DARK,['Joji'],0rKtyWc8bvkriBthvHKY8d,84
Sunflower - Spider-Man: Into the Spider-Verse,"['Post Malone', 'Swae Lee']",3KkXRkHbMCARz0aVfEt68P,84
Hope,['XXXTENTACION'],2ZRo7axmMPeSVUvDbGkJah,84
changes,['XXXTENTACION'],7AFASza1mXqntmGtbxXprO,84
Get You The Moon (feat. Snøw),"['Kina', 'Snøw']",4ZLzoOkj0MPWrTLvooIuaa,84
Happier,"['Marshmello', 'Bastille']",2dpaYNEQHiRxtZbfNsse99,84
Let Me Down Slowly,['Alec Benjamin'],2qxmye6gAegTMjLKEBoR3d,84
Shallow,"['Lady Gaga', 'Bradley Cooper']",2VxeLyX666F8uXCJ0dZF8B,84
Are You Bored Yet? (feat. Clairo),"['Wallows', 'Clairo']",57RA3JGafJm5zRtKJiKPIm,84
BOP,['DaBaby'],6Ozh9Ok6h4Oi1wUSLtBseN,84
Sunday Best,['Surfaces'],1Cv1YLb4q0RzL6pybtaMLo,84
"10,000 Hours (with Justin Bieber)","['Dan + Shay', 'Justin Bieber']",2wrJq5XKLnmhRXHIAf9xBa,84
Still Don't Know My Name,['Labrinth'],6N22FZs2ZhPBYi3b9XPajV,84
"thank u, next",['Ariana Grande'],3e9HZxeyfWwjeyPAMmWSSQ,84
Before You Go,['Lewis Capaldi'],7ce20yLkzuXXLUhzIDoZih,84
It's You,['Ali Gatie'],5DqdesEfbRyOlSS3Tf6c29,84
Runnin,"['21 Savage', 'Metro Boomin']",5SWnsxjhdcEDc7LJjq9UHk,84
Martin & Gina,['Polo G'],1VLtjHwRWOVJiE5Py7JxoQ,84
After Party,['Don Toliver'],527k23H0A4Q0UJN3vGs0Da,84
Blueberry Faygo,['Lil Mosey'],6wJYhPfqk3KGhHRG76WzOh,84
July,['Noah Cyrus'],6J2LdBN97cDWn0MLxYh9HB,84
The Woo (feat. 50 Cent & Roddy Ricch),"['Pop Smoke', '50 Cent', 'Roddy Ricch']",1H7KnK26kc1YyellpbINEn,84
THE SCOTTS,"['THE SCOTTS', 'Travis Scott', 'Kid Cudi']",39Yp9wwQiSRIDOvrVg7mbk,84
Bad Boy (with Young Thug),"['Juice WRLD', 'Young Thug']",43CIWpJaJHRcI4mUSjqgc2,84
"34+35 Remix (feat. Doja Cat, Megan Thee Stallion) - Remix","['Ariana Grande', 'Doja Cat', 'Megan Thee Stallion']",3jjBPF4NDMCU51psU8JPpR,84
Best Friend (feat. Doja Cat),"['Saweetie', 'Doja Cat']",2etHQJxIbV0soyPhelVs9Y,84
Señorita,"['Shawn Mendes', 'Camila Cabello']",0TK2YIli7K1leLovkQiNik,84
Lose Control,"['MEDUZA', 'Becky Hill', 'Goodboys']",7CHi4DtfK4heMlQaudCuHK,84
GREECE (feat. Drake),"['DJ Khaled', 'Drake']",35RJhm1pEovTBwnNR0zWad,84
Dancing in My Room,['347aidan'],6Pgmqg15yVexuOgtzuxwoX,84
Safaera,"['Bad Bunny', 'Jowell & Randy', 'Ñengo Flow']",2DEZmgHKAvm41k4J3R2E9Y,84
Rain On Me (with Ariana Grande),"['Lady Gaga', 'Ariana Grande']",24ySl2hOPGCDcxBxFIqWBu,84
"Mood (Remix) feat. Justin Bieber, J Balvin & iann dior","['24kGoldn', 'Justin Bieber', 'J Balvin', 'iann dior']",6FuGJB290AQMAHTfjOYVaK,84
Prisoner (feat. Dua Lipa),"['Miley Cyrus', 'Dua Lipa']",2Oycxb8QbPkpHTo8ZrmG0B,84
De Cora <3,"['Rauw Alejandro', 'J Balvin']",22Sh5dlwbERqJAq1fZk5b2,84
Hotel California - 2013 Remaster,['Eagles'],40riOy7x9W7GXjyGp4pjAv,83
Wonderful Christmastime - Edited Version / Remastered 2011,['Paul McCartney'],1SV1fxF65n9NhRHp3KlBuu,83
Billie Jean,['Michael Jackson'],5ChkMS8OtdzJeqyybCc9R5,83
Just the Two of Us (feat. Bill Withers),"['Grover Washington, Jr.', 'Bill Withers']",1ko2lVN0vKGUl9zrU0qSlT,83
Take on Me,['a-ha'],2WfaOiMkCvy7F5fcp2zZ8L,83
In the End,['Linkin Park'],60a0Rd6pjrkxjPbaKzXjfq,83
'Till I Collapse,"['Eminem', 'Nate Dogg']",4xkOaSrkexMciUUogZKVTS,83
The Scientist,['Coldplay'],75JFxkI2RXiU7L9VXzMkle,83
Happy Xmas (War Is Over) - Remastered 2010,"['John Lennon', 'Yoko Ono']",27RYrbL6S02LNVhDWVl38b,83
When I Was Your Man,['Bruno Mars'],0nJW01T7XtvILxQgC5J7Wh,83
Thinking out Loud,['Ed Sheeran'],34gCuhDGsG4bRPIf9bb02f,83
Photograph,['Ed Sheeran'],1HNkqx9Ahdgi1Ixy2xkKkL,83
Stressed Out,['Twenty One Pilots'],3CRDbSIZ4r5MsZ0YwxuEkn,83
Starboy,"['The Weeknd', 'Daft Punk']",7MXVkk9YMctZqd1Srtv4MB,83
Fuck Love (feat. Trippie Redd),"['XXXTENTACION', 'Trippie Redd']",7AQim7LbvFVZJE3O8TYgf2,83
XO Tour Llif3,['Lil Uzi Vert'],7GX5flRQZVHRAGd6B4TmDO,83
Thunder,['Imagine Dragons'],1zB4vmk8tFRmM9UULNzbLB,83
Falling Down - Bonus Track,"['Lil Peep', 'XXXTENTACION']",4jvjzW7Hm0yK4LvvE0Paz9,83
the remedy for a broken heart (why am I so in love),['XXXTENTACION'],4UKCKdYiLN6IMA5ZESUTL7,83
Better Now,['Post Malone'],7dt6x5M1jzdTEt8oCbisTK,83
God's Plan,['Drake'],6DCZcSspjsKoFjzjrWoCdn,83
High Hopes,['Panic! At The Disco'],1rqqCSm0Qe4I9rUvWncaom,83
I Like Me Better,['Lauv'],2P91MQbaiQOfbiz9VqhqKQ,83
Bandit (with YoungBoy Never Broke Again),"['Juice WRLD', 'YoungBoy Never Broke Again']",6Gg1gjgKi2AK4e0qzsR7sd,83
Ballin' (with Roddy Ricch),"['Mustard', 'Roddy Ricch']",3QzAOrNlsabgbMwlZt7TAY,83
Wow.,['Post Malone'],7xQAfvXzm3AkraOtGPWIZg,83
OUT WEST (feat. Young Thug),"['JACKBOYS', 'Travis Scott', 'Young Thug']",6gi6y1xwmVszDWkUqab1qw,83
Bruises,['Lewis Capaldi'],4Of7rzpRpV1mWRbhp5rAqG,83
This City,['Sam Fischer'],3H3r2nKWa3Yk5gt8xgmsEt,83
Sucker,['Jonas Brothers'],22vgEDb5hykfaTwLuskFGD,83
LA CANCIÓN,"['J Balvin', 'Bad Bunny']",0fea68AdmYNygeTGI4RC18,83
Cry Baby (feat. DaBaby),"['Megan Thee Stallion', 'DaBaby']",4aarlAfLKVCTxUDNgbwhjH,83
PRACTICE,['DaBaby'],4Z5FyQlevoHoa5FsIVKZju,83
Tequila Shots,['Kid Cudi'],30KctD1WsHKTIYczXjip5a,83
Moonwalking in Calabasas (feat. Blueface) - Remix,"['DDG', 'Blueface']",7o4gBbTM6UBLkOYPw9xMCz,83
Drankin N Smokin,"['Future', 'Lil Uzi Vert']",0k7wmahjkn389wAZdz19Cv,83
Dead Man Walking,['Brent Faiyaz'],5VlTQnZO89Ioku8ssdbqJk,83
Righteous,['Juice WRLD'],5dOxHHMOFAbG3VH23t0xNm,83
Hate The Other Side (with Marshmello & The Kid Laroi),"['Juice WRLD', 'Marshmello', 'The Kid LAROI', 'Polo G']",0ada5XsQGLPUVbmTCkAP49,83
Show Out (with Skepta & Pop Smoke),"['Kid Cudi', 'Skepta', 'Pop Smoke']",5CFJRZRq6sdKKtRwNPWbYv,83
ALWAYS DO,['The Kid LAROI'],3QCU8BT0zDS9LPVfEhRFEE,83
Spicy (feat. Post Malone),"['Ty Dolla $ign', 'Post Malone']",5IUtvfNvOyVYZUa6AJFrnP,83
Chicago Freestyle (feat. Giveon),"['Drake', 'Giveon']",4wVOKKEHUJxHCFFNUWDn0B,83
Remember That Night?,['Sara Kays'],1nYzjrdVQ8RpF93M0jPFW7,83
Blueberry Faygo,['Lil Mosey'],22LAwLoDA5b4AaGSkg6bKW,83
SO DONE,['The Kid LAROI'],3qgPpwtuRu5oP8EtFSj8HE,83
You Got It,['Vedo'],4lsHZ92XCFOQfzJFBTluk8,83
Lose You To Love Me,['Selena Gomez'],4l0Mvzj72xxOpRrp6h8nHi,83
Yo Perreo Sola,['Bad Bunny'],0SqqAgdovOE24BzxIClpjw,83
YO VISTO ASÍ,['Bad Bunny'],5fROvzNghPid8mbKNDYvpJ,83
Boss Bitch,['Doja Cat'],78qd8dvwea0Gosb6Fe6j3k,83
Toosie Slide,['Drake'],127QTOFJsJQp5LbJbu3A1y,83
CÓMO SE SIENTE - Remix,"['Jhay Cortez', 'Bad Bunny']",2tFwfmceQa1Y6nRPhYbEtC,83
Blue & Grey,['BTS'],0n2moJpAEWHwaPYYjkzMDl,83
How You Like That,['BLACKPINK'],4SFknyjLcyTLJFPKD2m96o,83
Mad at Disney,['salem ilese'],7aGyRfJWtLqgJaZoG9lJhE,83
I CAN'T STOP ME,['TWICE'],37ZtpRBkHcaq6hHy0X98zn,83
Diamonds,['Sam Smith'],5hvwx5i67IwnCkjl9VHkNv,83
La Jeepeta - Remix,"['Nio Garcia', 'Anuel AA', 'Myke Towers', 'Brray', 'Juanka']",1mohfLaTJtB2RplHLQVM70,83
"Agua (with J Balvin) - Music From ""Sponge On The Run"" Movie","['Tainy', 'J Balvin']",1pqnQ41XbfKjaFu6M0eGJp,83
Más De La Una,"['Piso 21', 'Maluma']",69Y5IZuBvGyzySFt5x7kCq,83
Lasting Lover,"['Sigala', 'James Arthur']",0DmAvNCAK08oCi7miSZUIY,83
Del Mar,"['Ozuna', 'Doja Cat', 'Sia']",5cpJFiNwYyWwFLH0V6B3N8,83
"La Curiosidad (feat. Dj Nelson, Jhay Cortez, Lunay & Kendo Kaponi) - Blue Grand Prix Remix","['Jay Wheeler', 'Myke Towers', 'Rauw Alejandro', 'DJ Nelson', 'Jhay Cortez', 'Lunay', 'Kendo Kaponi']",7LE1K0lZyRFZjSlrnm7lfD,83
Caramelo,['Ozuna'],3gD4J3RUHy4OUuZ3qAiaiG,83
Nada,"['Cali Y El Dandee', 'Danna Paola']",4K8cyoCDovlc4FvtUr2Hfx,83
Sleigh Ride,['The Ronettes'],5ASM6Qjiav2xPe7gRkQMsQ,82
Here Comes The Sun - Remastered 2009,['The Beatles'],6dGnYIeXmHdcikdzNNDMm2,82
Highway to Hell,['AC/DC'],2zYzyRzz6pRmhPzyfMEC8s,82
Africa,['TOTO'],2374M0fQpWi3dLnB54qaLX,82
Last Christmas,['Wham!'],2FRnf9qhLbvw8fu4IBXx78,82
Everybody Wants To Rule The World,['Tears For Fears'],4RvWPyQ5RL0ao9LPZeSouE,82
Livin' On A Prayer,['Bon Jovi'],37ZJ0p5Jm13JPevGcx4SkF,82
I Wanna Dance with Somebody (Who Loves Me),['Whitney Houston'],2tUBqZG2AbRi7Q0BIrVrEj,82
Thunderstruck,['AC/DC'],57bgtoPSgt236HzfBOd8kj,82
Without Me,['Eminem'],7lQ8MOhq6IN2w8EYcFNSUk,82
Hips Don't Lie (feat. Wyclef Jean),"['Shakira', 'Wyclef Jean']",3ZFTkvIE7kyPt6Nu3PEa7V,82
I'm Yours,['Jason Mraz'],1EzrEOXmMH3G43AXT1y7pA,82
Umbrella,"['Rihanna', 'JAY-Z']",49FYlytm3dAAraYgpoJZux,82
"Hey, Soul Sister",['Train'],4HlFJV71xXKIGcU3kRyttv,82
Can't Hold Us - feat. Ray Dalton,['Macklemore & Ryan Lewis'],3bidbhpOYeV4knp8AIu8Xn,82
What Makes You Beautiful,['One Direction'],4cluDES4hQEUhmXj6TXkSo,82
All I Want,['Kodaline'],0NlGoUyOJSuSHmngoibVAs,82
Mirrors,['Justin Timberlake'],4rHZZAmHpZrA3iH5zx8frV,82
Story of My Life,['One Direction'],4nVBt6MZDDP6tRVdQTgxJg,82
Night Changes,['One Direction'],5O2P9iiztwhomNh8xkR9lJ,82
Shower,['Becky G'],3DmW6y7wTEYHJZlLo1r6XJ,82
The Nights,['Avicii'],0ct6r3EGTcMLPtrXHDvVjc,82
Wait a Minute!,['WILLOW'],0y60itmpH0aPKsFiGxmtnh,82
I Fall Apart,['Post Malone'],75ZvA4QfFiZvzhj2xkaWAh,82
Redbone,['Childish Gambino'],0wXuerDYiBnERgIpbb3JBR,82
20 Min,['Lil Uzi Vert'],0uxSUdBrJy9Un0EYoBowng,82
Let You Down,['NF'],52okn5MNA47tk87PeZJLEL,82
HUMBLE.,['Kendrick Lamar'],7KXjTSCq5nL1LoYtL7XAwS,82
Look At Me!,['XXXTENTACION'],7floNISpH8VF4z4459Qo18,82
Hold On,['Chord Overstreet'],5vjLSffimiIP26QG5WcN2K,82
Silence,"['Marshmello', 'Khalid']",7vGuf3Y35N4wmASOKLUVVU,82
Sign of the Times,['Harry Styles'],5Ohxk2dO5COHF1krpoPigN,82
Happier,['Ed Sheeran'],2RttW7RAu5nOAfq6YFvApB,82
Something Just Like This,"['The Chainsmokers', 'Coldplay']",6RUKPb4LETWmmr3iAEQktW,82
Drip Too Hard (Lil Baby & Gunna),"['Lil Baby', 'Gunna']",78QR3Wp35dqAhFEc2qAGjE,82
The Middle,"['Zedd', 'Maren Morris', 'Grey']",09IStsImFySgyp0pIQdqAc,82
You Are The Reason,['Calum Scott'],69vToJ9BMbbLlFZo7k7A7B,82
Without Me,['Halsey'],5p7ujcrUXASCNwRaWNHR1C,82
Dancing On My Own,['Calum Scott'],2BOqDYLOJBiMOXShCV1neZ,82
Be Alright,['Dean Lewis'],3EPXxR3ImUwfayaurPi3cm,82
No Guidance (feat. Drake),"['Chris Brown', 'Drake']",6XHVuErjQ4XNm6nDPVCxVX,82
F.N,['Lil Tjay'],0RLLvYBopDwooCyvnTwgYu,82
"All I Want - From ""High School Musical: The Musical: The Series""",['Olivia Rodrigo'],4Yxc55NX3tAXC2mHRAhtcW,82
Ransom,['Lil Tecca'],1lOe9qE0vR9zwWQAOk6CoO,82
Sunflower - Spider-Man: Into the Spider-Verse,"['Post Malone', 'Swae Lee']",0RiRZpuVRbi7oqRdSMwhQY,82
Happiest Year,['Jaymes Young'],5kcvBnt6DPX3AMEsCx1qDh,82
Forever After All,['Luke Combs'],6IBcOGPsniK3Pso1wHIhew,82
On Me,['Lil Baby'],4Iedi94TIaB2GGb1nMB68v,82
Mr. Right Now (feat. Drake),"['21 Savage', 'Metro Boomin', 'Drake']",4Q34FP1AT7GEl9oLgNtiWj,82
GO (feat. Juice WRLD),"['The Kid LAROI', 'Juice WRLD']",2rPHUAeUPbNgTmK18FPTiZ,82
21,['Polo G'],3JKgcAa7r07ocVWcV8bS0H,82
gold rush,['Taylor Swift'],5BK0uqwY9DNfZ630STAEaq,82
Be Like That - feat. Swae Lee & Khalid,"['Kane Brown', 'Swae Lee', 'Khalid']",5f1joOtoMeyppIcJGZQvqJ,82
Hit Different,"['SZA', 'The Neptunes', 'Pharrell Williams', 'Ty Dolla $ign']",7Bar1kLTmsRmH6FCKKMEyU,82
"no body, no crime (feat. HAIM)","['Taylor Swift', 'HAIM']",3RaT22zZsxVYxxKR7TAaYF,82
Wolves (feat. Post Malone),"['Big Sean', 'Post Malone']",33gwZOGJWEZ7dRWPqPxBEZ,82
Your New Boyfriend,['Wilbur Soot'],4vLBnQtece15fFhqWxZvJP,82
Wasted On You,['Morgan Wallen'],3cBsEDNhFI9E82vPj3kvi3,82
Treat You Better,['Shawn Mendes'],3QGsuHI8jO1Rx4JWLUh9jd,82
Can We Kiss Forever?,"['Kina', 'Adriana Proenza']",58wyJLv6yH1La9NIZPl3ne,82
2002,['Anne-Marie'],2BgEsaKNfHUdlh97KmvFyo,82
Old Town Road - Remix,"['Lil Nas X', 'Billy Ray Cyrus']",2YpeDb67231RjR0MgVLzsG,82
Supalonely,"['BENEE', 'Gus Dapperton']",4nK5YrxbMGZstTLbvj6Gxw,82
Arcade,['Duncan Laurence'],1Xi84slp6FryDSCbzq4UCD,82
Boy With Luv (feat. Halsey),"['BTS', 'Halsey']",5KawlOMHjWeUjQtnuRs22c,82
I Don't Care (with Justin Bieber),"['Ed Sheeran', 'Justin Bieber']",3HVWdVOQ0ZA45FuZGSfvns,82
cardigan,['Taylor Swift'],4R2kfaDFhslZEMJqAFNpdd,82
Plastic Hearts,['Miley Cyrus'],6qCsKKS7Ol63SJW3LOIX5R,82
No Idea,['Don Toliver'],7AzlLxHn24DxjgQX73F9fU,82
Party Girl,['StaySolidRocky'],5RqR4ZCCKJDcBLIn4sih9l,82
Element,['Pop Smoke'],57BGVV6wcyhbn3hsjlqEZB,82
IDK You Yet,['Alexander 23'],47EWMOElkkbMp5m9SBkx7d,82
Angels Like You,['Miley Cyrus'],1daDRI9ahBonbWD8YcxOIB,82
Si Veo a Tu Mamá,['Bad Bunny'],41wtwzCZkXwpnakmwJ239F,82
What A Man Gotta Do,['Jonas Brothers'],4wNIkl5XGiAACjFBlDWuSd,82
Intentions (feat. Quavo),"['Justin Bieber', 'Quavo']",4umIPjkehX1r7uhmGvXiSV,82
La Santa,"['Bad Bunny', 'Daddy Yankee']",69vlMrzHwATKzupwNcUPyK,82
Pa' Olvidarme De Ella,"['Piso 21', 'Christian Nodal']",1cVlW9WQiGlFdWUXFdFZGh,82
Fly To My Room,['BTS'],3QH8rQGNFX8VLbCgZ7uPTS,82
Telepathy,['BTS'],2FVpOsjT1iquZ3SpCjZ9Ne,82
Sweet but Psycho,['Ava Max'],7DnAm9FOTWE3cUvso43HhI,82
Papi Chulo,"['Octavian', 'Skepta']",6Juv5N0dNU1imms9c9u1dA,82
"Lean (feat. Towy, Osquel, Beltito & Sammy & Falsetto)","['Super Yei', 'Towy', 'Osquel', 'Beltito', 'Sammy & Falsetto']",5DoLhdU27owX1NMrKLUbUl,82
Fly Away,['Tones And I'],5ri4zqtWhG07hIuNNDWP76,82
Hasta Que Dios Diga,"['Anuel AA', 'Bad Bunny']",06s3QtMJVXw1AJX3UfvZG1,82
Monster (Shawn Mendes & Justin Bieber),"['Shawn Mendes', 'Justin Bieber']",1HbA4N1MiOsPthALesGFR1,82
Secrets,"['Regard', 'RAYE']",66W1rVTnEv86dIkFhoiElg,82
Some Say - Felix Jaehn Remix,"['Nea', 'Felix Jaehn']",7C1trmcQQ5n5RNy4l6ziCv,82
The Christmas Song (Merry Christmas To You),['Nat King Cole'],4PS1e8f2LvuTFgUs1Cn3ON,81
Fortunate Son,['Creedence Clearwater Revival'],4BP3uh0hFLFRb5cjsgLqDh,81
"Rocket Man (I Think It's Going To Be A Long, Long Time)",['Elton John'],3gdewACMIVMEWVbyb8O9sY,81
Sweet Home Alabama,['Lynyrd Skynyrd'],7e89621JPkKaeDSTQ3avtg,81
Losing My Religion,['R.E.M.'],31AOj9sFz2gM0O3hMARRBx,81
Gangsta's Paradise,"['Coolio', 'L.V.']",7lQWRAjyhTpCWFC0jmclT4,81
Seven Nation Army,['The White Stripes'],3dPQuX8Gs42Y7b454ybpMR,81
Numb,['Linkin Park'],2nLtzopw4rPReszdYBJU6h,81
Yeah! (feat. Lil Jon & Ludacris),"['Usher', 'Lil Jon', 'Ludacris']",5rb9QrpfcKFHM1EUbSIurX,81
Feel Good Inc.,['Gorillaz'],0d28khcov6AiegSCpG5TuT,81
How to Save a Life,['The Fray'],5fVZC9GiM4e8vu99W0Xf6J,81
Fix You,['Coldplay'],7LVHVU3tWfcxj5aiPFEW4Q,81
Promiscuous,"['Nelly Furtado', 'Timbaland']",2gam98EZKrF9XuOkU13ApN,81
TiK ToK,['Kesha'],0HPD5WQqrq7wPWR7P7Dw1i,81
Love The Way You Lie,"['Eminem', 'Rihanna']",15JINEqzVMv3SvJTAXAKED,81
Tongue Tied,['Grouplove'],0GO8y8jQk1PkHzS31d699N,81
Locked out of Heaven,['Bruno Mars'],3w3y8KPTfNeOKPiqUTakBh,81
Just Give Me a Reason (feat. Nate Ruess),"['P!nk', 'Nate Ruess']",1mKXFLRA179hdOWQBwUk9e,81
I Wanna Be Yours,['Arctic Monkeys'],5XeFesFbtLpXzIVDNQP22n,81
Stay With Me,['Sam Smith'],5Nm9ERjJZ5oyfXZTECKmRt,81
I'm Not The Only One,['Sam Smith'],7795WJLVKJoAyVoOtCWqXN,81
Uptown Funk (feat. Bruno Mars),"['Mark Ronson', 'Bruno Mars']",32OlwWuMpZ6b0aN2RZOeMS,81
See You Again (feat. Charlie Puth),"['Wiz Khalifa', 'Charlie Puth']",2JzZzZUQj3Qff7wapcbKjc,81
Love Yourself,['Justin Bieber'],50kpGaPAhYJ3sGmk6vplg0,81
Sorry,['Justin Bieber'],09CtPGIpYB4BrO8qb1RGsF,81
Congratulations,"['Post Malone', 'Quavo']",3a1lNhkSLSkpJE4MSHpDu9,81
That's What I Like,['Bruno Mars'],0KKkJNfGyhkQ5aFogxQAPU,81
Heathens,['Twenty One Pilots'],6i0V12jOa3mr6uu4WYhUBr,81
Devil Eyes,['Hippie Sabotage'],7MiZjKawmXTsTNePyTfPyL,81
Let Me Love You,"['DJ Snake', 'Justin Bieber']",0lYBSQXN6rCTvUZvg9S0lU,81
Chanel,['Frank Ocean'],6Nle9hKrkL1wQpwNfEkxjh,81
Ric Flair Drip (& Metro Boomin),"['Offset', 'Metro Boomin']",7sO5G9EABYOXQKNPNiE9NR,81
Save That Shit,['Lil Peep'],0S0vWvyZ6Rc79TXkWxT9QA,81
ocean eyes,['Billie Eilish'],7hDVYcQq6MxkdJGweuCtl9,81
Armed And Dangerous,['Juice WRLD'],5wujBwqG7INdStqGd4tRMX,81
Lean Wit Me,['Juice WRLD'],3oDkdAySo1VQQG0ptV7uwa,81
Murder On My Mind,['YNW Melly'],7eBqSVxrzQZtK2mmgRG6lC,81
Space Cadet (feat. Gunna),"['Metro Boomin', 'Gunna']",1fewSx2d5KIZ04wsooEBOz,81
Going Bad (feat. Drake),"['Meek Mill', 'Drake']",2IRZnDFmlqMuOrYOLnZZyc,81
Legends,['Juice WRLD'],1Knctxx9vGZxpZfF66BIEa,81
we fell in love in october,['girl in red'],1BYZxKSf0aTxp8ZFoeyM3d,81
Little Dark Age,['MGMT'],2Y0iGXY6m6immVb2ktbseM,81
Call Out My Name,['The Weeknd'],09mEdoA6zrmBPgTEN5qXmN,81
I Like It,"['Cardi B', 'Bad Bunny', 'J Balvin']",58q2HKrzhC3ozto2nDdN4z,81
Youngblood,['5 Seconds of Summer'],2iUXsYOEPhVqEBwsqP70rE,81
comethru,['Jeremy Zucker'],18uwL0vNUanqZH0ro2QcOP,81
MIDDLE CHILD,['J. Cole'],2JvzF1RMd7lE3KmFlsyZD8,81
High Fashion (feat. Mustard),"['Roddy Ricch', 'Mustard']",07KXEDMj78x68D884wgVEm,81
Empty,['Juice WRLD'],41MCdlvXOl62B7Kv86Bb1v,81
Pop Out (feat. Lil Tjay),"['Polo G', 'Lil Tjay']",6uFn47ACjqYkc0jADwEdj1,81
Money In The Grave (Drake ft. Rick Ross),"['Drake', 'Rick Ross']",5ry2OE6R2zPQFDO85XkgRb,81
Can I Call You Tonight?,['Dayglow'],64lsIF5pw0sJY0gV5kz0RN,81
you were good to me,"['Jeremy Zucker', 'Chelsea Cutler']",4CxFN5zON70B3VOPBYbd6P,81
i love you,['Billie Eilish'],6CcJMwBtXByIz4zQLzFkKc,81
Goodbyes (feat. Young Thug),"['Post Malone', 'Young Thug']",0t3ZvGKlmYmVsDzBJAXK8C,81
Callaita,"['Bad Bunny', 'Tainy']",2TH65lNHgvLxCKXM3apjxI,81
Hold Me While You Wait,['Lewis Capaldi'],60iSKGrGazRzICtMjADNSM,81
Somebody’s Problem,['Morgan Wallen'],0SErdEdRcVX1uJCf1eTGYH,81
We Paid (feat. 42 Dugg),"['Lil Baby', '42 Dugg']",6gxKUmycQX7uyMwJcweFjp,81
‘tis the damn season,['Taylor Swift'],7dW84mWkdWE5a6lFWxJCBG,81
Way Out (feat. Big Sean),"['Jack Harlow', 'Big Sean']",6rLi6PyWXu1rPlShuIZpj6,81
DOLLAZ ON MY HEAD (feat. Young Thug),"['Gunna', 'Young Thug']",3nS9a01VvXHQriLqJYwRqG,81
tolerate it,['Taylor Swift'],0PurA4JVJ8YQgSVopY8fn6,81
There's Nothing Holdin' Me Back,['Shawn Mendes'],7JJmb5XwzOO8jgpou264Ml,81
Dusk Till Dawn - Radio Edit,"['ZAYN', 'Sia']",1j4kHkkpqZRBwE0A4CN4Yv,81
Si Estuviésemos Juntos,['Bad Bunny'],35wvL50xvKpCHEJPxLOLPI,81
Havana (feat. Young Thug),"['Camila Cabello', 'Young Thug']",1rfofaqEpACxVEHIZBJe6W,81
One Kiss (with Dua Lipa),"['Calvin Harris', 'Dua Lipa']",7ef4DlsgrMEH11cDZd32M6,81
FRIENDS,"['Marshmello', 'Anne-Marie']",08bNPGLD8AhKpnnERrAc6G,81
Higher Love,"['Kygo', 'Whitney Houston']",6oJ6le65B3SEqPwMRNXWjY,81
My Oh My (feat. DaBaby),"['Camila Cabello', 'DaBaby']",3yOlyBJuViE2YSGn3nVE1K,81
Dancing With A Stranger (with Normani),"['Sam Smith', 'Normani']",6Qs4SXO9dwPj5GKvVOv8Ki,81
Beautiful People (feat. Khalid),"['Ed Sheeran', 'Khalid']",4evmHXcjt3bTUHD1cvny97,81
"F*CK YOU, GOODBYE (feat. Machine Gun Kelly)","['The Kid LAROI', 'Machine Gun Kelly']",0DYNL4xbYWgNzppUamtyR4,81
Real Shit (with benny blanco),"['Juice WRLD', 'benny blanco']",3uVPLtkmDu8pDkYEAVqbgS,81
Got It On Me,['Pop Smoke'],25zlnOAzbVoOzIeXSvQFf1,81
Smile (with The Weeknd),"['Juice WRLD', 'The Weeknd']",6wQlQrTY5mVS8EGaFZVwVF,81
exile (feat. Bon Iver),"['Taylor Swift', 'Bon Iver']",4pvb0WLRcMtbPGmtejJJ6y,81
Heat Waves,['Glass Animals'],6CDzDgIUqeDY5g8ujExx2f,81
motive (with Doja Cat),"['Ariana Grande', 'Doja Cat']",5GkQIP5mWPi4KZLLXeuFTT,81
FRANCHISE (feat. Young Thug & M.I.A.),"['Travis Scott', 'Young Thug', 'M.I.A.']",4jVBIpuOiMj1crqd8LoCrJ,81
my future,['Billie Eilish'],2ygvZOXrIeVL4xZmAWJT2C,81
Gnat,['Eminem'],6cS9PmLky2NhLOhpIsUlow,81
Adderall (Corvette Corvette),['Popp Hunna'],3aAmQOxRPeKDL0HMWFA5qn,81
Bad Liar,['Imagine Dragons'],2RSHsoi04658QL5xgQVov3,81
Señorita,"['Shawn Mendes', 'Camila Cabello']",6v3KW9xbzN5yKLt9YKDYA2,81
RITMO (Bad Boys For Life),"['Black Eyed Peas', 'J Balvin']",6cy3ki60hLwimwIje7tALf,81
Coco (feat. DaBaby),"['24kGoldn', 'DaBaby']",2V6pjeOCuPBVlatcWTXUtP,81
willow,['Taylor Swift'],3Uo7WG0vmLQ07WB4BDwy7D,81
HOY COBRÉ,['Bad Bunny'],0tjZv2hChdHZCW1zFXpy1J,81
La Difícil,['Bad Bunny'],6NfrH0ANGmgBXyxgV2PeXt,81
In My Mind,"['Dynoro', ""Gigi D'Agostino""]",0E9ZjEAyAwOXZ7wJC0PD33,81
夜に駆ける,['YOASOBI'],3dPtXHP0oXQ4HCWHsOA9js,81
TE DESEO LO MEJOR,['Bad Bunny'],23XjN1s3DZC8Q9ZwuorYY4,81
Dis-ease,['BTS'],54DmTIv86D3sYdiawjULQ0,81
OK Not To Be OK,"['Marshmello', 'Demi Lovato']",0zzVTGyRrWpQu8Fr28NRAv,81
Rain On Me (with Ariana Grande),"['Lady Gaga', 'Ariana Grande']",7ju97lgwC2rKQ6wwsf9no9,81
Stay,['BTS'],3ndCsZfq8OVwwkz9mmZvUz,81
Piece Of Your Heart,"['MEDUZA', 'Goodboys']",1DFD5Fotzgn6yYXkYsKiGs,81
Head Shoulders Knees & Toes (feat. Norma Jean Martine),"['Ofenbach', 'Quarterhead', 'Norma Jean Martine']",14ngWWxvUSnIMXgF6rzSk1,81
TKN (feat. Travis Scott),"['ROSALÍA', 'Travis Scott']",4w47S36wQGBhGg073q3nt7,81
Physical,['Dua Lipa'],3AzjcOeAmA57TIOr9zF1ZW,81
Don Don,"['Daddy Yankee', 'Anuel AA', 'Kendo Kaponi']",3kml9ZdpT7UYk1ugkjqOzt,81
Relación,['Sech'],3ZG8N7aWw2meb6UrI5ZmnZ,81
Hasta Abajo,"['Kevin Roldan', 'Bryant Myers', 'Lyanno']",4PEfJZpVjdclfzZ9XO8uDw,81
Dime Cómo Quieres,"['Christian Nodal', 'Ángela Aguilar']",4jcxBTrNvyqMJdMDyyjdYV,81
Travesuras,"['Flow La Movie', 'Nio Garcia', 'Casper Magico']",2etJ67Egf7woMgOikVrlJM,81
Madrid (feat. Myke Towers),"['Maluma', 'Myke Towers']",19OXtYzrJyCrQvTbfukt4H,81
White Christmas,"['Bing Crosby', 'Ken Darby Singers', 'John Scott Trotter & His Orchestra']",4so0Wek9Ig1p6CRCHuINwW,80
Ain't No Mountain High Enough,"['Marvin Gaye', 'Tammi Terrell']",7tqhbajSfrz2F7E1Z75ASX,80
The Chain - 2004 Remaster,['Fleetwood Mac'],5e9TFTbltYBg2xThimr0rU,80
Mr. Blue Sky,['Electric Light Orchestra'],2RlgNHKcydI9sayD2Df2xp,80
September,"['Earth, Wind & Fire']",2grjqo0Frpf2okIBiifQKs,80
Don't Stop Believin',['Journey'],4bHsxqR3GMrXTxEPLuK5ue,80
Sweet Dreams (Are Made of This) - Remastered,"['Eurythmics', 'Annie Lennox', 'Dave Stewart']",1TfqLAPs4K3s2rJMoCokcS,80
Summer Of '69,['Bryan Adams'],0GONea6G2XdnHWjNZd6zt3,80
Under the Bridge,['Red Hot Chili Peppers'],3d9DChrdc6BOeFsbrZ3Is0,80
Merry Christmas Everyone,"[""Shakin' Stevens""]",2TE4xW3ImvpltVU0cPcKUn,80
Creep,['Radiohead'],70LcF31zb1H0PyJoS1Sx1r,80
Zombie,['The Cranberries'],2IZZqH4K02UIYg5EohpNHF,80
Californication,['Red Hot Chili Peppers'],48UPSzbZjgc449aqz8bxox,80
Ms. Jackson,['Outkast'],0I3q5fE6wg7LIfHGngUTnV,80
Last Resort,['Papa Roach'],5W8YXBz9MTIDyrpYaCg2Ky,80
Toxic,['Britney Spears'],6I9VzXrHxO9rA9A5euc8Ak,80
Do They Know It's Christmas? - 1984 Version,['Band Aid'],0247StOpd3AkeBQzANX4Zf,80
My Boo,"['Usher', 'Alicia Keys']",68vgtRHr7iZHpzGpon6Jlo,80
Mr. Brightside,['The Killers'],003vvx7Niy0yvhvHt4a68B,80
Hey There Delilah,"[""Plain White T's""]",4RCWB3V8V0dignt99LZ8vH,80
Verbatim,['Mother Mother'],266Vb7ItE3o1q8HdJ9QOvn,80
Stronger,['Kanye West'],4fzsfWzRhPawzqhX8Qt9F3,80
Sex on Fire,['Kings of Leon'],0ntQJM78wzOLVeCUAW7Y45,80
Bad Romance,['Lady Gaga'],0SiywuOBRcynK0uKGWdCnn,80
Empire State Of Mind,"['JAY-Z', 'Alicia Keys']",2igwFfvr1OAGX9SKDCPBwO,80
Sure Thing,['Miguel'],0JXXNGljqupsJaZsgSbMZV,80
Just the Way You Are,['Bruno Mars'],7BqBn9nzAq8spo5e7cZ0dJ,80
Stereo Hearts (feat. Adam Levine),"['Gym Class Heroes', 'Adam Levine']",0qOnSQQF0yzuPWsXrQ9paz,80
A Thousand Years,['Christina Perri'],6lanRgr6wXibZr8KgzXxBl,80
Classic,['MKTO'],6FE2iI43OZnszFLuLtvvmg,80
Everybody Talks,['Neon Trees'],2iUmqdfGZcHIhS3b9E9EWq,80
Holly Jolly Christmas,['Michael Bublé'],5PuKlCjfEVIXl0ZBp5ZW9g,80
Feel So Close - Radio Edit,['Calvin Harris'],1gihuPhrLraKYrJMAEONyc,80
R U Mine?,['Arctic Monkeys'],2AT8iROs4FQueDv2c8q2KE,80
Shut Up and Dance,['WALK THE MOON'],4kbj5MwxO1bq9wjT5g9HaA,80
18,['One Direction'],3JjnGLK8IxkNLvo8Lb3KOM,80
Sugar,['Maroon 5'],2iuZJX9X9P0GKaE93xcPjk,80
Dancin (feat. Luvli) - Krono Remix,"['Aaron Smith', 'Krono', 'Luvli']",6WkJ2OK163XXS2oARUC9JM,80
Centuries,['Fall Out Boy'],04aAxqtGp5pv12UXAg4pkq,80
Ride,['Twenty One Pilots'],2Z8WuEywRWYTKe1NybPQEW,80
Drag Me Down,['One Direction'],2K87XMYnUMqLcX3zvtAF4G,80
Line Without a Hook,['Ricky Montgomery'],5NvOZCjZaGGGL597exlQWv,80
"i hate u, i love u (feat. olivia o'brien)","['gnash', ""Olivia O'Brien""]",7vRriwrloYVaoAe3a9wJHe,80
Love On The Brain,['Rihanna'],5oO3drDxtziYU2H1X23ZIp,80
One Dance,"['Drake', 'WizKid', 'Kyla']",1zi7xx7UVEFkmKfv06H8x0,80
Love Galore (feat. Travis Scott),"['SZA', 'Travis Scott']",0q75NwOoFiARAVp4EXU4Bs,80
See You Again (feat. Kali Uchis),"['Tyler, The Creator', 'Kali Uchis']",7KA4W4McWYRpgf0fWsJZWB,80
Young Dumb & Broke,['Khalid'],5Z3GHaZ6ec9bsiI5BenrbY,80
idontwannabeyouanymore,['Billie Eilish'],41zXlQxzTi6cGAjpOXyLYH,80
Mask Off,['Future'],0VgkVdmE4gld66l8iyGjgx,80
Unforgettable,"['French Montana', 'Swae Lee']",3B54sVLJ402zGa6Xm4YGNe,80
Whiskey Glasses,['Morgan Wallen'],6foY66mWZN0pSRjZ408c00,80
Trust,['Brent Faiyaz'],0oufSLnKQDoBFX5mgkDCgR,80
Swervin (feat. 6ix9ine),"['A Boogie Wit da Hoodie', '6ix9ine']",1wJRveJZLSb1rjhnUHQiv6,80
YEAH RIGHT,['Joji'],1VGzxJnVQND7Cg5H5wGj14,80
All The Stars (with SZA),"['Kendrick Lamar', 'SZA']",3GCdLUSnKSMJhs4Tj6CV3s,80
Psycho (feat. Ty Dolla $ign),"['Post Malone', 'Ty Dolla $ign']",3swc6WTsr7rl9DqQKQA55C,80
BUTTERFLY EFFECT,['Travis Scott'],2cYqizR4lgvp4Qu6IQ3qGN,80
no tears left to cry,['Ariana Grande'],2qT1uLXPVPzGgFOx4jtEuo,80
God is a woman,['Ariana Grande'],5OCJzvD7sykQEKHH7qAC3C,80
EARFQUAKE,"['Tyler, The Creator']",5hVghJ4KaYES3BFUATCYn0,80
SUGAR,['BROCKHAMPTON'],6U0FIYXCQ3TGrk4tFpLrEA,80
Like That (feat. Gucci Mane),"['Doja Cat', 'Gucci Mane']",4EivmOT13NMpNSfTKn9p4s,80
I Think I'm OKAY (with YUNGBLUD & Travis Barker),"['Machine Gun Kelly', 'YUNGBLUD', 'Travis Barker']",2gTdDMpNxIRFSiu7HutMCg,80
Hate Me (with Juice WRLD),"['Ellie Goulding', 'Juice WRLD']",6kls8cSlUyHW2BUOkDJIZE,80
Moral of the Story,['Ashe'],2nC3QhMI9reBIOWutbU3Tj,80
Sex Sounds,['Lil Tjay'],5JtvedSVWW9McnoEAPJwQm,80
Took Her To The O,['King Von'],7fEoXCZTZFosUFvFQg1BmW,80
Errbody,['Lil Baby'],6eVxH9Kyanzrw636zJRPcw,80
PTSD,"['G Herbo', 'Juice WRLD', 'Lil Uzi Vert', 'Chance the Rapper']",3jT2LKH0RSbQ8jIUNFzXm5,80
Still Trappin' (with King Von),"['Lil Durk', 'King Von']",43BlKpJcSrC9AsJ3F1DKg9,80
I Hope,['Gabby Barrett'],23T0OX7QOiIUFShSzbJ5Uo,80
Sand In My Boots,['Morgan Wallen'],0uRrG2jRR5tuifsYIJHEao,80
Whatever It Takes,['Imagine Dragons'],6Qn5zhYkTa37e91HC1D7lb,80
Legends Never Die,"['League of Legends', 'Against The Current']",1FpVJ7HpZInE2GvhVE2TwT,80
Wolves,"['Selena Gomez', 'Marshmello']",0tBbt8CrmxbjRP0pueQkyU,80
New Rules,['Dua Lipa'],2ekn2ttSfGqwhhate0LSR0,80
Praise The Lord (Da Shine) (feat. Skepta),"['A$AP Rocky', 'Skepta']",7ycWLEP1GsNjVvcjawXz3z,80
Natural,['Imagine Dragons'],2FY7b99s15jUprqC0M5NCT,80
Attention,['Charlie Puth'],5cF0dROlMOK5uNZtivgu50,80
feel something,['Bea Miller'],7JDWhC422Gtk1Bq0mL3OTC,80
Mariposa,['Peach Tree Rascals'],4ja2gzrNh9VNigzoXfmbwD,80
GATTI,"['JACKBOYS', 'Pop Smoke', 'Travis Scott']",40mjsnRjCpycdUw3xhS20g,80
"break up with your girlfriend, i'm bored",['Ariana Grande'],4kV4N9D1iKVxx1KLvtTpjS,80
I.F.L.Y.,['Bazzi'],4a6q8CR2hzLk2plDkSxkfD,80
Lights Up,['Harry Styles'],4jAIqgrPjKLTY9Gbez25Qb,80
Make You Mine,['PUBLIC'],5iFwAOB2TFkPJk8sMlxP8g,80
Lalala,"['Y2K', 'bbno$']",51Fjme0JiitpyXKuyQiCDo,80
Flex (feat. Juice WRLD),"['Polo G', 'Juice WRLD']",2QqJTIlGKRLJC3onkavYEz,80
ivy,['Taylor Swift'],19CSr8rwW05VJL2F91KFNK,80
happiness,['Taylor Swift'],73YUReisjb3A9ActdLLjJQ,80
Conversations,['Juice WRLD'],4K06PO78fW4mnBVenxGNob,80
TRAGIC (feat. Youngboy Never Broke Again & Internet Money),"['The Kid LAROI', 'YoungBoy Never Broke Again', 'Internet Money']",13EW51DKru044OJDJ9Bm8o,80
Suicidal (Remix) [feat. Juice WRLD],"['YNW Melly', 'Juice WRLD']",4S2uhQE8L9V6p7rj7SiauJ,80
"...And To Those I Love, Thanks For Sticking Around",['$uicideBoy$'],41LhQUkElADQ5YUbpYv2D0,80
Way Out (feat. Big Sean),"['Jack Harlow', 'Big Sean']",57VeLYXrvNxe8Vs18K2M9W,80
Tap In,['Saweetie'],4Hpib09wXgD84w4uwTPnYD,80
forget me too (feat. Halsey),"['Machine Gun Kelly', 'Halsey']",1VSuFS7PahCN3SWbOcQ98m,80
Heat Waves,['Glass Animals'],3USxtqRwSYz57Ewm6wWRMp,80
Someone You Loved,['Lewis Capaldi'],2TIlqbIneP0ZY1O0EzYLlc,80
How Do You Sleep?,['Sam Smith'],6b2RcmUt1g9N9mQ3CbjX2Y,80
You should be sad,['Halsey'],7lidXGPXPYLNThITAOTlkK,80
Selfish,['Madison Beer'],4PV0uE5pZSh44E3NqNNDEH,80
Paparazzi,['Kim Dracula'],3rchFjeKZ0bJxO7EEdM3S5,80
Intentions,"['Justin Bieber', 'Quavo']",364dI1bYnvamSnBJ8JcNzN,80
Know Your Worth,"['Khalid', 'Disclosure']",0TrPqhAMoaKUFLR7iYDokf,80
Don't Call Me Up,['Mabel'],5WHTFyqSii0lmT9R21abT8,80
Lovesick Girls,['BLACKPINK'],4Ws314Ylb27BVsvlZOy30C,80
SORRY PAPI,"['Bad Bunny', 'ABRA']",5jZ32WOU7sqzDYbzINwMUk,80
Cabrón y Vago - En Vivo,"['El Fantasma', 'Los Dos Carnales']",4nbWX2HzrOEnX4xxvYRCyU,80
LA DROGA,['Bad Bunny'],67ACYA3UI6QMNtHX6b34wX,80
ANTES QUE SE ACABE,['Bad Bunny'],7kjEqI6eZ7YlFrGhxixnlN,80
120,['Bad Bunny'],3KJ3opyV29269SXkPrc19l,80
Lose Somebody,"['Kygo', 'OneRepublic']",7xbWAw3LMgRMn4omR5yVn3,80
Sigues Con El,"['Dímelo Flow', 'Arcangel', 'Sech']",7sQKy5vlPQllr0k9IjYJv3,80
Con Calma,"['Daddy Yankee', 'Snow']",5w9c2J52mkdntKOmRLeM2m,80
Invincible,['Pop Smoke'],792HwhrdO3ErRKL5yRe4Ge,80
A Tu Merced,['Bad Bunny'],4r9jkMEnArtWGH2rL2FZl0,80
No Time To Die,['Billie Eilish'],73SpzrcaHk0RQPFP73vqVR,80
CRY FOR ME,['TWICE'],2xtP8RNbo2BEMzLX7tK7aq,80
ON,['BTS'],2QyuXBcV1LJ2rq01KhreMF,80
Jangueo,"['Alex Rose', 'Rafa Pabön']",1bRpSCFv6P2OUhciByeRYR,80
Control,['Zoe Wees'],50Td3qilgs8BLtv8mHyT1t,80
i miss u (with Au/Ra),"['Jax Jones', 'Au/Ra']",7CH8J4ulT49UfZwSDSkSZA,80
Diosa,['Myke Towers'],3JHpk0DOTOzyh0777JFAky,80
Blue Christmas,['Elvis Presley'],3QiAAp20rPC3dcAtKtMaqQ,79
Santa Claus Is Coming To Town,['The Jackson 5'],2QpN1ZVw8eJO5f7WcvUA1k,79
Dancing Queen,['ABBA'],0GjEhVFGZW8afUYGChu3Rr,79
I Was Made For Lovin' You,['KISS'],07q0QVgO56EorrSGHC48y3,79
You Shook Me All Night Long,['AC/DC'],2SiXAy7TuUkycRVbbWDEpo,79
I'm Still Standing,['Elton John'],1jDJFeK9x3OZboIAHsY9k2,79
Wake Me Up Before You Go-Go,['Wham!'],0ikz6tENMONtK6qGkOrU3c,79
You Give Love A Bad Name,['Bon Jovi'],0rmGAIH9LNJewFw7nKzZnc,79
I Still Haven't Found What I'm Looking For,['U2'],6wpGqhRvJGNNXwWlPmkMyO,79
With Or Without You - Remastered,['U2'],6ADSaE87h8Y3lccZlBJdXH,79
November Rain,"[""Guns N' Roses""]",3YRCqOhFifThpSRFJ1VWFM,79
Basket Case,['Green Day'],6L89mwZXSOwYl76YXfX13s,79
Wonderwall,['Oasis'],1qPbGZqppFwLwcBC1JQ6Vr,79
Wannabe,['Spice Girls'],1Je1IMUlBXcx1Fz0WE7oPT,79
It's Beginning to Look a Lot Like Christmas (with Mitchell Ayres & His Orchestra),"['Perry Como', 'The Fontane Sisters', 'Mitchell Ayres & His Orchestra']",2pXpURmn6zC5ZYDMms6fwa,79
All The Small Things,['blink-182'],2m1hi0nfMR9vdGC8UcrnwU,79
Still D.R.E.,"['Dr. Dre', 'Snoop Dogg']",503OTo2dSqe7qk76rgsbep,79
The Real Slim Shady,['Eminem'],3yfqSUWxFvZELEM4PmlwIR,79
Chop Suey!,['System Of A Down'],2DlHlPMa4M17kufBvI2lEN,79
Can't Stop,['Red Hot Chili Peppers'],3ZOEytgrvLwQaqXreDs2Jx,79
She Will Be Loved - Radio Mix,['Maroon 5'],4llK75pXNWZz6KAho2Gp16,79
Bring Me To Life,['Evanescence'],0COqiPhxzoWICwFCS4eZcp,79
The Reason,['Hoobastank'],77loZpT5Y5PRP1S451P9Yz,79
Candy Shop,"['50 Cent', 'Olivia']",5D2mYZuzcgjpchVY1pmTPh,79
"Dear Maria, Count Me In",['All Time Low'],0JJP0IS4w0fJx01EcrfkDe,79
No One,['Alicia Keys'],6IwKcFdiRQZOWeYNhUiWIv,79
"You're Gonna Go Far, Kid",['The Offspring'],6TfBA04WJ3X1d1wXhaCFVT,79
Mayonaka no Door / Stay With Me,['Miki Matsubara'],2BHj31ufdEqVK5CkYDp9mA,79
Viva La Vida,['Coldplay'],1mea3bSkSGXuIRvnydlB5b,79
Low (feat. T-Pain),"['Flo Rida', 'T-Pain']",0CAfXk7DXMnon4gLudAp7J,79
Fireflies,['Owl City'],3DamFFqW32WihKkTVlwTYQ,79
Work Out,['J. Cole'],2wAJTrFhCnQyNSD3oUgTZO,79
Ni**as In Paris,"['JAY-Z', 'Kanye West']",4Li2WHPkuyCdtmokzW2007,79
"Give Me Everything (feat. Ne-Yo, Afrojack & Nayer)","['Pitbull', 'Ne-Yo', 'Afrojack', 'Nayer']",4QNpBfC0zvjKqPJcyqBy9W,79
Paradise,['Coldplay'],6nek1Nin9q48AVZcWs9e9D,79
Timber (feat. Ke$ha),"['Pitbull', 'Kesha']",3cHyrEgdyYRjgJKSOiOtcS,79
Safe And Sound,['Capital Cities'],6Z8R6UsFuGXGtiIxiD8ISb,79
Wet Dreamz,['J. Cole'],6Ius4TC0L3cN74HT7ENE6e,79
"Or Nah (feat. The Weeknd, Wiz Khalifa & DJ Mustard) - Remix","['Ty Dolla $ign', 'The Weeknd', 'Wiz Khalifa', 'Mustard']",7t2bFihaDvhIrd2gn2CWJO,79
Summer,['Calvin Harris'],6YUTL4dYpB9xZO5qExPf05,79
"Happy - From ""Despicable Me 2""",['Pharrell Williams'],60nZcImufyMA1MKQY3dcCH,79
Tennessee Whiskey,['Chris Stapleton'],3fqwjXwUGN6vbzIwvyFMhx,79
Kill Yourself (Part III),['$uicideBoy$'],5XAPpyIoYF3QXP34Hv8Pvx,79
idfc,['blackbear'],6y6jbcPG4Yn3Du4moXaenr,79
Often,['The Weeknd'],4PhsKqMdgMEUSstTDAmMpg,79
Like I'm Gonna Lose You (feat. John Legend),"['Meghan Trainor', 'John Legend']",2YlZnw2ikdb837oKMKjBkW,79
Feeling Whitney,['Post Malone'],35r28RDot7nPE7y9K9H7l0,79
Mr Loverman,['Ricky Montgomery'],2IVsRhKrx8hlQBOWy4qebo,79
Ivy,['Frank Ocean'],2ZWlPOoWh0626oTaHrnl2a,79
Pink + White,['Frank Ocean'],3xKsf9qdS1CyvXSMEid6g8,79
Godspeed,['Frank Ocean'],34xTFwjPQ1dC6uJmleno7x,79
Needed Me,['Rihanna'],4pAl7FkDMNBsjykPXo91B3,79
7 Years,['Lukas Graham'],5kqIPrATaCc2LqxVWzQGbk,79
Fight Song,['Rachel Platten'],37f4ITSlgPX81ad2EvmVQr,79
hate u love u,"[""Olivia O'Brien""]",6ATgDc6e4sPn84hvJsAmPt,79
I Feel It Coming,"['The Weeknd', 'Daft Punk']",3dhjNA0jGA8vHBQ1VdD6vV,79
Don't Let Me Down,"['The Chainsmokers', 'Daya']",1i1fxkWeaMmKEB4T7zqbzK,79
Get You (feat. Kali Uchis),"['Daniel Caesar', 'Kali Uchis']",7zFXmv6vqI4qOt4yGf3jYZ,79
Pretty Girl,['Clairo'],0KyAGiNGUytG5JLxJu4F6l,79
Location,['Khalid'],152lZdxL1OR0ZMW6KquMif,79
Best Friend,['Rex Orange County'],47Bg6IrMed1GPbxRgwH2aC,79
Beamer Boy,['Lil Peep'],7hf89cT5FEmLV5E9fjrjG7,79
Bank Account,['21 Savage'],2fQrGHiQOvpL9UgPvtYy6G,79
1-800-273-8255,"['Logic', 'Alessia Cara', 'Khalid']",5tz69p7tJuGPeMGwNTxYuV,79
Passionfruit,['Drake'],5mCPDVBb16L4XQwDdbRUpz,79
Someone To You,['BANNERS'],14BH4qO7pgCmIe6mgLKOK3,79
Kiwi,['Harry Styles'],33SNO8AaciGbNaQFkxvPrW,79
Chasin' You,['Morgan Wallen'],5MwynWK9s4hlyKHqhkNn4A,79
Beautiful Crazy,['Luke Combs'],2rxQMGVafnNaRaXlRMWPde,79
10 Freaky Girls (with 21 Savage),"['Metro Boomin', '21 Savage']",0AluA5RNsa4Cx6XRhf2hWZ,79
Magic In The Hamptons (feat. Lil Yachty),"['Social House', 'Lil Yachty']",2Yer0p7uB2lVBUAtANuuQp,79
Self Care,['Mac Miller'],5bJ1DrEM4hNCafcDd1oxHx,79
Dead To Me,['Kali Uchis'],6LOZws7T3jqZz78unPgFF9,79
ZEZE (feat. Travis Scott & Offset),"['Kodak Black', 'Offset', 'Travis Scott']",0FZ4Dmg8jJJAPJnvBIzD9z,79
Noticed,['Lil Mosey'],7zLYKWcXnYeHHWidalz7rj,79
Out Of Love,['Alessia Cara'],4WzhjxvLP95y7AMDy0Atwb,79
Better Together,['Luke Combs'],6gdLyYNuhWBzqwlOFSsXC7,79
Ruthless (Nice Guys Always Finish Last),['MarMar Oso'],6HeCk6yewXH7WO4D93eub9,79
Graduation (with Juice WRLD),"['benny blanco', 'Juice WRLD']",6cjSh516BbrNUs213jDAGm,79
Suicidal,['YNW Melly'],1iSqfoUFnQwV0QW1EfUit8,79
emotions,['iann dior'],5ls62WNKHUUrdF3r1cv83T,79
CITY OF ANGELS,['24kGoldn'],6ap9lSRJ0iLriGLqoJ44cq,79
Bang!,['AJR'],53BHUFdQphHiZUUG3nx9zn,79
865,['Morgan Wallen'],0sKEilrw1GrBlG6qsTCrP4,79
Goosebumps - Remix,"['Travis Scott', 'HVME']",5uEYRdEIh9Bo4fpjDd4Na9,79
Waiting For Love,['Avicii'],2P4OICZRVAQcYAV2JReRfj,79
Mercy,['Shawn Mendes'],0AS63m1wHv9n4VVRizK6Hc,79
IDGAF,['Dua Lipa'],76cy1WJvNGJTj78UqeA5zr,79
You Need To Calm Down,['Taylor Swift'],6RRNNciQGZEXnqk8SQ9yv5,79
you should see me in a crown,['Billie Eilish'],3XF5xLJHOQQRbWya6hBp7d,79
wish you were gay,['Billie Eilish'],3Fj47GNK2kUF0uaEDgXLaD,79
"Don't Give Up On Me - (From ""Five Feet Apart"")",['Andy Grammer'],5A3fPy30SN2wuzrahpcxvV,79
witchblades,"['Lil Peep', 'Lil Tracy']",1Z8gpnzgTFQKAwmV43iLBB,79
She,['Harry Styles'],6SQLk9HSNketfgs2AyIiMs,79
bury a friend,['Billie Eilish'],4SSnFejRGlZikf02HLewEF,79
boyfriend (with Social House),"['Ariana Grande', 'Social House']",0Ryd8975WihbObpp5cPW1t,79
Vete,['Bad Bunny'],5DxXgozhkPLgrbKFY91w0c,79
Dancing With Your Ghost,['Sasha Sloan'],1TQXIltqoZ5XXyfCbAeSQQ,79
all the good girls go to hell,['Billie Eilish'],6IRdLKIyS4p7XNiP8r6rsx,79
ME! (feat. Brendon Urie of Panic! At The Disco),"['Taylor Swift', 'Brendon Urie', 'Panic! At The Disco']",2Rk4JlNc2TPmZe2af99d45,79
If I Can't Have You,['Shawn Mendes'],6LsAAHotRLMOHfCsSfYCsz,79
Adderall (Corvette Corvette) - Remix,"['Popp Hunna', 'Lil Uzi Vert']",2Y3USTCETS4xbjJOzT1Icm,79
Myron,['Lil Uzi Vert'],56uXDJRCuoS7abX3SkzHKQ,79
long story short,['Taylor Swift'],2o2sgVJIgFXk8GQjWTgI6U,79
coney island (feat. The National),"['Taylor Swift', 'The National']",3k7ne7VmH43ZPWxPdvPUgR,79
Life's A Mess (feat. Halsey),"['Juice WRLD', 'Halsey']",5wWAwzGp2OaaoIkwcz6wZs,79
evermore (feat. Bon Iver),"['Taylor Swift', 'Bon Iver']",3O5osWf1rSoKMwe6E9ZaXP,79
dorothea,['Taylor Swift'],670fUmXf4KQekzbEgaXyPA,79
Stay High,['Juice WRLD'],21CkzgKCBCq5V4XKjiGSIj,79
cowboy like me,['Taylor Swift'],1XjHRolIXL2M1EEOUsGGR4,79
bloody valentine,['Machine Gun Kelly'],6mADjHs6FXdroPzEGW6KVJ,79
the 1,['Taylor Swift'],0Jlcvv8IykzHaSmj49uNW8,79
Savage Remix (feat. Beyoncé),"['Megan Thee Stallion', 'Beyoncé']",5v4GgrXPMghOnBBLmveLac,79
Rät,['Penelope Scott'],25z6kpmIwkCUqk2IORrJ5v,79
You’re Mines Still (feat. Drake),"['Yung Bleu', 'Drake']",7E2C5rBLpCKwQlhJPVFBRS,79
just like magic,['Ariana Grande'],7Dx9Z6Aon1qPS2N0rHSWTe,79
More Than You Know,['Axwell /\\ Ingrosso'],6h5PAsRni4IRlxWr6uDPTP,79
South of the Border (feat. Camila Cabello & Cardi B),"['Ed Sheeran', 'Camila Cabello', 'Cardi B']",4vUmTMuQqjdnvlZmAH61Qk,79
Watermelon Sugar,['Harry Styles'],1e9oZCCiX42nJl0AcqriVo,79
Surrender,['Natalie Taylor'],0ecC8p17cDNlxHXkuYqeR6,79
Diva (feat. Lil Tecca),"['The Kid LAROI', 'Lil Tecca']",7gVwgc8b3XnO87TpmXXFA5,79
Borderline,['Tame Impala'],5hM5arv9KDbCHS0k9uqwjr,79
Die Very Rough,['Mario Judah'],3brXaWuPsVScvYQKUh3Ijc,79
Savage,['Megan Thee Stallion'],55CHeLEfn5iJ0IIkgaa4si,79
Violent,['carolesdaughter'],7CFfqRW50ffULvBv7lfIIg,79
Backyard Boy,['Claire Rosinkranz'],04F42oEuKrRComYJfJuyVR,79
Heart Of Glass (Live from the iHeart Festival),['Miley Cyrus'],5i7ThJfYLAzp2DyZuFpF6j,79
Scared to Be Lonely,"['Martin Garrix', 'Dua Lipa']",3ebXMykcMXOcLeJ9xZ17XH,79
Someone To You,['BANNERS'],2f0pn9DkEJwAzXApnFh5cr,79
Psycho,['Red Velvet'],3CYH422oy1cZNoo0GTG1TK,79
China,"['Anuel AA', 'Daddy Yankee', 'KAROL G', 'J Balvin', 'Ozuna']",2ksOAxtIxY8yElEWw8RhgK,79
Eyes Blue Like The Atlantic (feat. Subvrbs),"['Sista Prod', 'Subvrbs']",0qUcpOOna3kkrwfqky85e1,79
MALDITA POBREZA,['Bad Bunny'],0Lsis3LB0XAK6XlTHXaJk2,79
Fallin’ (Adrenaline),"[""Why Don't We""]",5GhJIMWAw0uMLgkdbt6uMz,79
BELIEVE IT,"['PARTYNEXTDOOR', 'Rihanna']",4HDCLYli2SUdkq9OjmvhSD,79
Get Back,['Pop Smoke'],3DWjFSDEQ9IWz1mj449fB7,79
Promises (with Sam Smith),"['Calvin Harris', 'Sam Smith', 'Jessie Reyez']",5N5k9nd479b1xpDZ4usjrg,79
Always Remember Us This Way,['Lady Gaga'],2rbDhOo9Fh61Bbu23T2qCk,79
i'm so tired...,"['Lauv', 'Troye Sivan']",4vjpLMyL3ZO6aphdYr8XYw,79
Pretty Savage,['BLACKPINK'],1XnpzbOGptRwfJhZgLbmSr,79
Black And White,['Niall Horan'],7rpNuuoMbid56XkDsx2FjE,79
Midnight Sky,['Miley Cyrus'],4i2qxFEVVUi8yOYoxB8TCX,79
Faded,['Alan Walker'],698ItKASDavgwZ3WjaWjtz,79
MORE,"['K/DA', 'Madison Beer', '(G)I-DLE', 'Lexie Liu', 'Jaira Burns', 'Seraphine', 'League of Legends']",6juLaduD4STCUDWT0AYun4,79
Fantasias,"['Rauw Alejandro', 'Farruko']",6mAN61JH0dzyZpWslS11jy,79
Levitating,['Dua Lipa'],39LLxExYz6ewLAcYrzQQyP,79
Together,['Sia'],5id3Rqn7SPj1LX4FfY4nGz,79
Better,['ZAYN'],1dLXLETYiZohIZWnse4ypG,79
Astronaut In The Ocean,['Masked Wolf'],3Ofmpyhv5UAQ70mENzB277,79
"Alone, Pt. II","['Alan Walker', 'Ava Max']",0bMbDctzMmTyK2j74j3nF3,79
El Efecto - Remix,"['Rauw Alejandro', 'Chencho Corleone', 'KEVVO', 'Bryant Myers', 'Lyanno', 'Dalex']",74j34STf8L6uADnTN69ohv,79
Black Mamba,['aespa'],1t2qYCAjUAoGfeFeoBlK51,79
My Girl,['The Temptations'],745H5CctFr12Mo7cqa1BMH,78
California Dreamin' - Single Version,['The Mamas & The Papas'],4s6LhHAV5SEsOV0lC2tjvJ,78
"Paint It, Black",['The Rolling Stones'],63T7DJ1AFDD6Bn8VzG6JE8,78
Brown Eyed Girl,['Van Morrison'],3yrSvpt2l1xhsV9Em88Pul,78
Sweet Caroline,['Neil Diamond'],62AuGbAkt8Ox2IrFFb8GKV,78
Come Together - Remastered 2009,['The Beatles'],2EqlS6tkEnglzr7tkKAAYD,78
Let It Be - Remastered 2009,['The Beatles'],7iN1s7xHE4ifF5povM6A48,78
Tiny Dancer,['Elton John'],2TVxnKdb3tqe1nhQWwwZCO,78
Stairway to Heaven - Remaster,['Led Zeppelin'],5CQ30WqJwcep0pYcV4AMNc,78
Imagine - Remastered 2010,['John Lennon'],7pKfPomDEeI4TPT6EOYjn9,78
Dream On,['Aerosmith'],5MxNLUsfh7uzROypsoO5qe,78
Step Into Christmas,['Elton John'],6sBWmE23q6xQHlnEZ8jYPT,78
Landslide,['Fleetwood Mac'],5ihS6UUlyQAfmp48eSkxuQ,78
More Than a Feeling,['Boston'],1QEEqeFIZktqIpPI4jSVSF,78
Should I Stay or Should I Go - Remastered,['The Clash'],39shmbIHICJ2Wxnk1fPSdz,78
Beat It,['Michael Jackson'],1OOtq8tRnDM8kG2gqUPjAj,78
Jump - 2015 Remaster,['Van Halen'],7N3PAbqfTjSEU1edb2tY8j,78
I Want to Know What Love Is - 1999 Remaster,['Foreigner'],1JLn8RhQzHz3qDqsChcmBl,78
Run Rudolph Run - Single Version,['Chuck Berry'],2pnPe4pJtq7689i5ydzvJJ,78
Everywhere - 2017 Remaster,['Fleetwood Mac'],254bXAqt3zP6P50BdQvEsq,78
Fairytale of New York (feat. Kirsty MacColl),"['The Pogues', 'Kirsty MacColl']",3VTNVsTTu05dmTsVFrmGpK,78
Wind Of Change,['Scorpions'],3ovjw5HZZv43SxTwApooCM,78
Killing In The Name,['Rage Against The Machine'],59WN2psjkt1tyaxjspN8fp,78
What's Up?,['4 Non Blondes'],0jWgAnTrNZmOGmqgvHhZEm,78
Ambitionz Az A Ridah,['2Pac'],20fBuVybkHgjF6vNhSMROD,78
Bitter Sweet Symphony,['The Verve'],57iDDD9N9tTWe75x6qhStw,78
Careless Whisper,['George Michael'],4jDmJ51x1o9NZB5Nxxc7gY,78
No Scrubs,['TLC'],1KGi9sZVMeszgZOWivFpxs,78
All Star,['Smash Mouth'],3cfOd4CMv2snFaKAnMdnvK,78
I Want It That Way,['Backstreet Boys'],47BBI51FKFwOMlIiX6m8ya,78
Otherside,['Red Hot Chili Peppers'],64BbK9SFKH2jk86U3dGj2P,78
Kryptonite,['3 Doors Down'],6ZOBP3NvffbU4SZcrnt1k6,78
Stan,"['Eminem', 'Dido']",3UmaczJpikHgJFyBTAJVoz,78
Oops!...I Did It Again,['Britney Spears'],6naxalmIoLFWR0siv8dnQQ,78
It's My Life,['Bon Jovi'],0v1XpBHnsbkCn7iJ9Ucr1l,78
The Middle,['Jimmy Eat World'],6GG73Jik4jUlQCkKg9JuGO,78
How You Remind Me,['Nickelback'],0gmbgwZ8iqyMPmXefof8Yf,78
This Love,['Maroon 5'],6ECp64rv50XVz93WvxXMGF,78
Hey Ya!,['Outkast'],2PpruBYCo4H7WOBJ7Q2EwM,78
If I Ain't Got You,['Alicia Keys'],3XVBdLihbNbxUwZosxcGuJ,78
American Idiot,['Green Day'],6nTiIhLmQ3FWhvrGafw2zj,78
"Sugar, We're Goin Down",['Fall Out Boy'],2TfSHkHiFO4gRztVIkggkE,78
Pon de Replay,['Rihanna'],4TsmezEQVSZNNPv5RJ65Ov,78
Teenagers,['My Chemical Romance'],7j31rVgGX9Q2blT92VBEA0,78
Chasing Cars,['Snow Patrol'],11bD1JtSjlIgKgZG2134DZ,78
Snow (Hey Oh),['Red Hot Chili Peppers'],2aibwv5hGXSgw7Yru8IYTO,78
Last Christmas - Remastered,['Wham!'],6wn2nmFn3wDuiMldRiuRuL,78
Heartless,['Kanye West'],4EWCNWgDS8707fNSZ1oaA5,78
Arms Tonite,['Mother Mother'],1rRwwqteLePmi70PGaC8ah,78
American Boy,"['Estelle', 'Kanye West']",22UDw8rSfLbUsaAGTXQ4Z8,78
Down,"['Jay Sean', 'Lil Wayne']",7LP4Es66zdY7CyjepqmvAg,78
I Can't Handle Change,['Roar'],0I1eFRytp4XRhLCjT6tZm7,78
POWER,['Kanye West'],2gZUPNdnz5Y45eiGxpHGSc,78
DJ Got Us Fallin' In Love (feat. Pitbull),"['Usher', 'Pitbull']",4356Typ82hUiFAynbLYbPn,78
Baby,"['Justin Bieber', 'Ludacris']",6epn3r7S14KUqlReYr77hA,78
Not Afraid,['Eminem'],7Ie9W94M7OjPoZVV216Xus,78
Christmas Lights,['Coldplay'],4fzyvSu73BhGvi96p2zwjL,78
Little Talks,['Of Monsters and Men'],2ihCaVdNZmnHZWt0fvAM7B,78
They Don't Know About Us,['One Direction'],6M31fPFCYB8Job3MCjjrDV,78
Little Things,['One Direction'],0TAmnCzOtqRfvA38DDLTjj,78
Young And Beautiful,['Lana Del Rey'],2nMeu6UenVvwUktBCpLMK9,78
We Can't Stop,['Miley Cyrus'],2y4lAQpi5VTNLu2ldeTdUH,78
You & I,['One Direction'],2afCBiru10AFckfOa49wIa,78
Impossible,['James Arthur'],5yVIlYEHZxQVLyInCdldoS,78
Best Day Of My Life,['American Authors'],5Hroj5K7vLpIG4FNCRIjbP,78
Little Do You Know,['Alex & Sierra'],1almCHdsfikRPfVB9VrEdT,78
Time of Our Lives,"['Pitbull', 'Ne-Yo']",2bJvI42r8EF3wxjOuDav4r,78
Bang Bang,"['Jessie J', 'Ariana Grande', 'Nicki Minaj']",0puf9yIluy9W0vpMEUoAnN,78
Jealous,['Labrinth'],4G92yYrUs0cvY7G41YRI0z,78
One Last Time,['Ariana Grande'],7xoUc6faLbCqZO6fQEYprd,78
Steal My Girl,['One Direction'],2Bs4jQEGMycglOfWPBqrVG,78
Outside (feat. Ellie Goulding),"['Calvin Harris', 'Ellie Goulding']",7MmG8p0F9N3C4AXdK6o6Eb,78
Rude,['MAGIC!'],6RtPijgfPKROxEzTHNRiDp,78
Don't,['Bryson Tiller'],3pXF1nA74528Edde4of9CC,78
Exchange,['Bryson Tiller'],43PuMrRfbyyuz4QpZ3oAwN,78
Can't Feel My Face,['The Weeknd'],22VdIZQfgXJea34mQxlt81,78
FourFiveSeconds,"['Rihanna', 'Kanye West', 'Paul McCartney']",78TTtXnFQPzwqlbtbwqN0y,78
Nights,['Frank Ocean'],7eqoqGkKwgOaWNNHx90uEZ,78
Desperado,['Rihanna'],4mCf3vQf7z0Yseo0RxAi3V,78
Go Flex,['Post Malone'],5yuShbu70mtHXY0yLzCQLQ,78
24K Magic,['Bruno Mars'],6b8Be6ljOzmkOmFslEb23P,78
Can I Be Him,['James Arthur'],0VhgEqMTNZwYL1ARDLLNCX,78
PILLOWTALK,['ZAYN'],0PDUDa38GO8lMxLCRc4lL1,78
Cake By The Ocean,['DNCE'],76hfruVvmfQbw0eYn1nmeC,78
Work from Home (feat. Ty Dolla $ign),"['Fifth Harmony', 'Ty Dolla $ign']",4tCtwWceOPWzenK2HAIJSb,78
Way down We Go,['KALEO'],0y1QJc3SJVPKJ1OvFmFqe6,78
This Is What You Came For (feat. Rihanna),"['Calvin Harris', 'Rihanna']",0azC730Exh71aQlOt9Zj3y,78
LOVE. FEAT. ZACARI.,"['Kendrick Lamar', 'Zacari']",6PGoSes0D9eUDeeAafB2As,78
Broken Clocks,['SZA'],2fXwCWkh6YG5zU1IyvQrbs,78
As the World Caves In,['Matt Maltese'],4JE6agBLHGA5TaF6FlqfBD,78
Goodie Bag,['Still Woozy'],4vHNeBWDQpVCmGbaccrRzi,78
Drew Barrymore,['SZA'],06u5LrUpbosQlQ1QJFhPpG,78
If You Want Love,['NF'],3i5qVV8azKqGFK4Gzdt5YS,78
White Noise - 500 hz,['Granular'],65rkHetZXO6DQmBh3C2YtW,78
Lie,['NF'],07FkzikE6FuHIa8Ma7zJGc,78
8TEEN,['Khalid'],5bgwqaRSS3M8WHWruHgSL5,78
Sorry Not Sorry,['Demi Lovato'],7gvd8xj4QgPqbQSsn5pV7d,78
Best Part (feat. H.E.R.),"['Daniel Caesar', 'H.E.R.']",1RMJOxR6GRPsBHL8qeC2ux,78
Buttercup,['Jack Stauber'],2mlGPkAx4kwF8Df0GlScsC,78
Sweet Creature,['Harry Styles'],5kRPPEWFJIMox5qIkQkiz5,78
Feel It Still,['Portugal. The Man'],6QgjcU0zLnzq5OrUoSZ3OK,78
"Let Me Go (with Alesso, Florida Georgia Line & watt)","['Hailee Steinfeld', 'Alesso', 'Florida Georgia Line', 'watt']",5Gu0PDLN4YJeW75PpBSg9p,78
Yes Indeed,"['Lil Baby', 'Drake']",6vN77lE9LK6HP2DewaN6HZ,78
Wasted (feat. Lil Uzi Vert),"['Juice WRLD', 'Lil Uzi Vert']",1a7WZZZH7LzyvorhpOJFTe,78
Shoota (feat. Lil Uzi Vert),"['Playboi Carti', 'Lil Uzi Vert']",2BJSMvOGABRxokHKB0OI8i,78
Black & White,['Juice WRLD'],1fCeXjoRExPP2qwSBh2aST,78
Faucet Failure,['Ski Mask The Slump God'],1ThmUihH9dF8EV08ku5AXN,78
1400 / 999 Freestyle,"['Trippie Redd', 'Juice WRLD']",75lcPkAkUsKWHGBlGM476R,78
a lot,['21 Savage'],2t8yVaLvJ0RenpXUIAC52d,78
Money,['Cardi B'],2GGMabyHXnJmjY6CXhhB2e,78
Nonstop,['Drake'],0TlLq3lA83rQOYtrqBqSct,78
STARGAZING,['Travis Scott'],7wBJfHzpfI3032CSD7CE2m,78
CAN'T SAY,['Travis Scott'],27a1mYSG5tYg7dmEjWBcmL,78
Truth Hurts,['Lizzo'],3HWzoMvoF3TQfYg4UPszDq,78
Suge,['DaBaby'],2gwkD6igEhQbDQegRCcdoB,78
ORANGE SODA,['Baby Keem'],5FkoSXiJPKTNyYgALRJFhD,78
Let Me Know (I Wonder Why Freestyle),['Juice WRLD'],3wwo0bJvDSorOpNfzEkfXx,78
In My Room,['Frank Ocean'],4S4Mfvv03M1cHgIOJcbUCL,78
Take What You Want (feat. Ozzy Osbourne & Travis Scott),"['Post Malone', 'Ozzy Osbourne', 'Travis Scott']",7CZyCXKG6d5ALeq41sLzbw,78
Pure Water (with Migos),"['Mustard', 'Migos']",3j84U36KvLeXNDPv4t5pI8,78
7 Summers,['Morgan Wallen'],0tbjiOUl4k492KPdWZS9sy,78
More Than My Hometown,['Morgan Wallen'],0eBXyY4SatzpE7opnzgXvz,78
Warning,['Morgan Wallen'],64SCQtbRtmO28ks1QhS3w5,78
Somebody’s Problem,['Morgan Wallen'],42lqBjPYlmL1EXpMDXvhSN,78
Hymn for the Weekend,['Coldplay'],3RiPr603aXAoi4GHyXx0uy,78
"Love Me Like You Do - From ""Fifty Shades Of Grey""",['Ellie Goulding'],3zHq9ouUJQFQRf3cm1rRLu,78
Shout Out to My Ex,['Little Mix'],0ErK6K0kYr0Ow2RkPMhmMs,78
In the Name of Love,"['Martin Garrix', 'Bebe Rexha']",23L5CiUhw2jV1OIMwthR3S,78
Go Fuck Yourself,['Two Feet'],4NZrZgrRoR4GwR7flWOXRI,78
all the kids are depressed,['Jeremy Zucker'],75ls0gurX68lUmMjE7QcsE,78
Eastside (with Halsey & Khalid),"['benny blanco', 'Halsey', 'Khalid']",0d2iYfpKoM0QCKvcLCkBao,78
3 Nights,['Dominic Fike'],1tNJrcVe6gwLEiZCtprs1u,78
i wanna be your girlfriend,['girl in red'],3h3pOvw6hjOvZxRUseB7h9,78
MIA (feat. Drake),"['Bad Bunny', 'Drake']",116H0KvKr2Zl4RPuVBruDO,78
In My Feelings,['Drake'],2G7V7zsVDxg1yRsu7Ew9RJ,78
Cherry,['Harry Styles'],2IOFZdYYkFxEHVz1w34PoL,78
Fine Line,['Harry Styles'],6VzcQuzTNTMFnJ6rBSaLH9,78
Lover,['Taylor Swift'],1dGr1c8CrMLDpV6mPbImSI,78
Call You Mine,"['The Chainsmokers', 'Bebe Rexha']",2oejEp50ZzPuQTQ6v54Evp,78
I Should Probably Go To Bed,['Dan + Shay'],5ovVcYo2MvjVydFwFyaaqy,78
Face Of My City (feat. Lil Baby),"['Jack Harlow', 'Lil Baby']",6MDdceLYec4AxohmorE4vH,78
She Knows This,['Kid Cudi'],1xzUQMiCoY5pdego0pHMeV,78
Blood On My Jeans,['Juice WRLD'],0fCwrjKfWxF3xQhZrYUw4T,78
Slay3r,['Playboi Carti'],1eMNW1HQjF1dbb4GtnmpaX,78
Girls in the Hood,['Megan Thee Stallion'],6WbTTAGKrQtCQvmc5BuYfh,78
marjorie,['Taylor Swift'],12ntTeqEeTg7GAVpe8Mhpl,78
oops!,['Yung Gravy'],7L6G0wpIUiPXuvoo7qhb06,78
LIKE I WANT YOU,['Giveon'],6qBFSepqLCuh5tehehc1bd,78
I Don’t Wanna Live Forever (Fifty Shades Darker),"['ZAYN', 'Taylor Swift']",55n9yjI6qqXh5F2mYvUc2y,78
Galway Girl,['Ed Sheeran'],0afhq8XCExXpqazXczTSve,78
Infinity,['Jaymes Young'],1SOClUWhOi8vHZYMz3GluK,78
Strawberries & Cigarettes,['Troye Sivan'],3afkJSKX0EAMsJXTZnDXXJ,78
Santa's Coming for Us,['Sia'],1N1ZpYUJc9fwrqk53FGgWv,78
Shotgun,['George Ezra'],4ofwffwvvnbSkrMSCKQDaC,78
"Taki Taki (with Selena Gomez, Ozuna & Cardi B)","['DJ Snake', 'Selena Gomez', 'Ozuna', 'Cardi B']",4w8niZpiMy6qz1mntFA5uM,78
Euphoria,['BTS'],3p6hnejEQYXkiTO1lAzVc0,78
Teeth,['5 Seconds of Summer'],26wLOs3ZuHJa2Ihhx6QIE6,78
parents,['YUNGBLUD'],68rVGSTnCiFOET9k5Vd8Se,78
Takeaway,"['The Chainsmokers', 'ILLENIUM', 'Lennon Stella']",3g0mEQx3NTanacLseoP0Gw,78
Kill This Love,['BLACKPINK'],18PergoIrGmRyeYxnaXJN2,78
Adicto (with Anuel AA & Ozuna),"['Tainy', 'Anuel AA', 'Ozuna']",3jbT1Y5MoPwEIpZndDDwVq,78
P2,['Lil Uzi Vert'],3kW4z2pIj5VY5fLjBrMRL5,78
Losses,['Lil Tjay'],3bAzFi7wGuOXJdgOYyFDSW,78
Miss YOU!,['CORPSE'],3pXVmZh293nWtqxildz9jf,78
Sensitive,['Serena Isioma'],0oHEteATZnAZuA9dl1dXF3,78
Costa Rica (feat. The Kid LAROI) - Remix,"['Bankrol Hayden', 'The Kid LAROI']",3tdjTdCCgKtwacsICCtPZZ,78
Broken,['Lund'],4W8sUeokQKfHt1uTXp0Jq0,78
safety net (feat. Ty Dolla $ign),"['Ariana Grande', 'Ty Dolla $ign']",14gkWVFMwdxBMyqBw1wmIg,78
One Too Many,"['Keith Urban', 'P!nk']",5NUXE8W12lWcUXgJRCjeEw,78
WRONG (feat. Lil Mosey),"['The Kid LAROI', 'Lil Mosey']",1EWkw4Fa6IlnsAihLUlFFM,78
Tommy Lee (feat. Post Malone),"['Tyla Yaweh', 'Post Malone']",5QZKcQDp0tCcvMdyqEciBV,78
pov,['Ariana Grande'],1bj8x3ERN9gSc2NfJIpc76,78
Space Girl,['Frances Forever'],7FjIYiD53wxlQmzTT6Wdpf,78
Another Love,['Tom Odell'],3JvKfv6T31zO0ini8iNItO,78
Shallow - Radio Edit,"['Lady Gaga', 'Bradley Cooper']",6QfS2wq5sSC1xAJCQsTSlj,78
No Me Conoce - Remix,"['Jhay Cortez', 'J Balvin', 'Bad Bunny']",4R8BJggjosTswLxtkw8V7P,78
When You Love Someone,['James TW'],0TXNKTzawI6VgLoA9UauRp,78
Love Is Gone - Acoustic,"['SLANDER', 'Dylan Matthew']",7F1CiKqrY44kh5cDqwHOnx,78
Old Town Road,['Lil Nas X'],0F7FA14euOIX8KcbEturGH,78
Life Is Good (feat. Drake),"['Future', 'Drake']",1K5KBOgreBi5fkEHvg5ap3,78
Ashes,['Stellar'],3Pj6u2KTgepyyidp5xfbHp,78
11:00 PM,['Maluma'],7KbF6AdprOXEEHlsq11Z6d,78
Con Altura,"['ROSALÍA', 'J Balvin', 'El Guincho']",2qG5sZ7Si6sdK74qLxedYM,78
Despacito,"['Luis Fonsi', 'Daddy Yankee']",6habFhsOp2NvshLv26DqMb,78
Daisies,['Katy Perry'],4uqh9bualXNHXXwO2wPorc,78
EL MUNDO ES MÍO,['Bad Bunny'],36DHxTW2xdr9GG15T9oK9L,78
Still Be Friends (feat. Tory Lanez & Tyga),"['G-Eazy', 'Tory Lanez', 'Tyga']",0JjM9bKm4wrwohMslcm892,78
Blueberry Eyes (feat. SUGA of BTS),"['MAX', 'SUGA']",5dn6QANKbf76pANGjMBida,78
Filter,['BTS'],0ono6UCNVZ1XqOm6j78Blu,78
Toosie Slide,['Drake'],466cKvZn1j45IpxDdYZqdA,78
TRELLAS,['Bad Bunny'],09WAnxdBuebQopKhJT3oZS,78
r u ok,['Tate McRae'],7rq1zCf90CnU7OalBLIgNp,78
"Baby, I'm Jealous (feat. Doja Cat)","['Bebe Rexha', 'Doja Cat']",2fTdRdN73RgIgcUZN33dvt,78
Midnight (feat. Liam Payne),"['Alesso', 'Liam Payne']",4ZTTUAjJCd4NMZmIU7RB4c,78
"fuck, i'm lonely (with Anne-Marie)","['Lauv', 'Anne-Marie']",09PGubKAMryhOWv1LHpCYz,78
Stupid Love,['Lady Gaga'],7yBbV2k2S2uhaQc24NF2xt,78
Una Vez,"['Bad Bunny', 'Mora']",5J7teKIJGtqVypgYI6sqXj,78
Falling,['Trevor Daniel'],2rRJrJEo19S2J82BDsQ3F7,78
Wonder,['Shawn Mendes'],6ZuahEctZD6w75peme58hm,78
Over Now (with The Weeknd),"['Calvin Harris', 'The Weeknd']",58AGoOGbwsQMhBbH0eFLRR,78
Jenny (I Wanna Ruin Our Friendship),['Studio Killers'],4JLBDUYSaOMPYND0iWeSWQ,78
Blinding Lights (with ROSALÍA) - Remix,"['The Weeknd', 'ROSALÍA']",7MXgrcOQAJ5VwSNUL0lDd3,78
Mmmh,['KAI'],5dntGTbUtmUO239wQ0k3yM,78
Boku no Sensou - TV Size,['Shinsei Kamattechan'],3tRPfCFAEv6wWyQO0YnGGV,78
Fake,"['Lauv', 'Conan Gray']",4Gt2kh3QbAGU6yquOWn4aW,78
Sweet Night,['V'],39EXZNMxb4RBHlRjnRaOKp,78
Skechers,['DripReport'],2alc8VZAzDgdAsL2QMk3hu,78
Teach Me How To Love,['Shawn Mendes'],5LZtB6nxvjIhUoElp3Zqk0,78
Goodbye,"['Imanbek', 'Goodboys']",4crczEC1PpoD8TsDsmoWNI,78
Te Vi,"['Piso 21', 'Micro TDH']",059bcIhyc2SBwm6sw2AZzd,78
Reggaetonera,['Anuel AA'],6yVkakCN460KOVol9ZazjH,78
Maria,['Hwa Sa'],0ZeGfEAL5Rl4pd5LZBGuEK,78
Hallucinate,['Dua Lipa'],1nYeVF5vIBxMxfPoL0SIWg,78
Can't Help Falling in Love,['Elvis Presley'],44AyOl4qVkzS48vBsbNXaC,77
Joy To The World,['Nat King Cole'],1VuAamHM7P3VQQEXYGG3Uu,77
Stand by Me,['Ben E. King'],3SdTKo2uVsxFblQjpScoHy,77
(I Can't Get No) Satisfaction - Mono Version,['The Rolling Stones'],2PzU4IB8Dr6mxV3lHuaG34,77
All Along the Watchtower,['Jimi Hendrix'],2aoo2jlRnM3A0NyLQqMN2f,77
Bad Moon Rising,['Creedence Clearwater Revival'],20OFwXhEXf12DzwXmaV7fj,77
Whole Lotta Love - 1990 Remaster,['Led Zeppelin'],0hCB0YR03f6AmQaHbwWDe8,77
"Signed, Sealed, Delivered (I'm Yours)",['Stevie Wonder'],2eF8pWbiivYsYRpbntYsnc,77
Your Song,['Elton John'],38zsOOcu31XbbYj9BIPUF1,77
Ain't No Sunshine,['Bill Withers'],1k1Bqnv2R0uJXQN4u6LKYt,77
T.N.T.,['AC/DC'],7LRMbd3LEoV5wZJvXT1Lwb,77
Dust in the Wind,['Kansas'],6zeE5tKyr8Nu882DQhhSQI,77
Hopelessly Devoted To You - From “Grease”,['Olivia Newton-John'],5BUq9bdtsm3LWw5laJeJ4R,77
You Make My Dreams (Come True),['Daryl Hall & John Oates'],4o6BgsqLIBViaGVbx5rbRk,77
In The Air Tonight - 2015 Remastered,['Phil Collins'],18AXbzPzBS8Y3AkgSxzJPb,77
Uptown Girl,['Billy Joel'],5zA8vzDGqPl2AzZkEYQGKh,77
Jingle Bell Rock - Daryl's Version,['Daryl Hall & John Oates'],6pVW5LRWgeLaHudxauOTJU,77
Girls Just Want to Have Fun,['Cyndi Lauper'],4y1LsJpmMti1PfRQV9AWWe,77
Dancing In the Dark,['Bruce Springsteen'],7FwBtcecmlpc1sLySPXeGE,77
Walking On Sunshine,['Katrina & The Waves'],05wIrZSwuaVWhcv5FfqeH0,77
Ahora Te Puedes Marchar,['Luis Miguel'],1uKjQoh8JZj9ryuYRhpd7E,77
Where Is My Mind? - Remastered,['Pixies'],7wCmS9TTVUcIhRalDYFgPy,77
Fast Car,['Tracy Chapman'],2M9ro2krNb7nr7HSprkEgo,77
Free Fallin',['Tom Petty'],5tVA6TkbaAH9QMITTQRrNv,77
Knockin' On Heaven's Door,"[""Guns N' Roses""]",4JiEyzf0Md7KEFFGWDDdCr,77
I Will Always Love You,['Whitney Houston'],4eHbdreAnSOrDDsFfc4Fpm,77
Christmas (Baby Please Come Home),['Mariah Carey'],3PIDciSFdrQxSQSihim3hN,77
Killing Me Softly With His Song,['Fugees'],0Q0IVlqMV64kNLlwjPj0Hl,77
Everlong,['Foo Fighters'],5UWwZ5lm5PKu6eKsHAGxOk,77
"Take Me Home, Country Roads",['John Denver'],39q7xibBdRboeMKUbZEB6g,77
Iris,['The Goo Goo Dolls'],6Qyc6fS4DsZjB2mRW9DsQs,77
The Kids Aren't Alright,['The Offspring'],4EchqUKQ3qAQuRNKmeIpnf,77
...Baby One More Time,['Britney Spears'],3MjUtNVVq3C8Fn0MP3zhXa,77
Drops of Jupiter (Tell Me),['Train'],2hKdd3qO7cWr2Jo0Bcs0MA,77
Toxicity,['System Of A Down'],0snQkGI5qnAmohLE7jTsTn,77
